"conversation_id_str","created_at","favorite_count","full_text","id_str","image_url","in_reply_to_screen_name","lang","location","quote_count","reply_count","retweet_count","tweet_url","user_id_str","username"
"1785299523855945899","Tue Apr 30 13:25:50 +0000 2024","5238","Jadi teringat di balik peralihan angkot ke mikrotrans dalam sistem Jaklingko ada beberapa kebijakan lainnya yg membuat para supir juga nyaman 1. pelatihannya di Bali 2. nggak lagi kejar setoran 3. anaknya dapat KJP dan diprioritaskan masuk sekolah negeri https://t.co/Phm9GPicBZ","1785299523855945899","https://pbs.twimg.com/media/GMam-2waMAA4lRL.jpg","","in","Jakarta Capital Region","81","43","1466","https://x.com/RidhaIntifadha/status/1785299523855945899","271922617","RidhaIntifadha"
"1790223169640608091","Tue May 14 03:30:39 +0000 2024","240",": Duh angkot kok gak lewat-lewat ya : Jangan kesel sekarang mikrotrans udah bisa dicek posisi dan estimasi ketibaannya di Google Maps. Info tarif gratisnya juga muncul kok nih https://t.co/Knbt8E8hSg","1790223169640608091","https://pbs.twimg.com/media/GNgme1oaIAA-_rD.jpg","","in","Jakarta, Indonesia","14","10","42","https://x.com/qronoz/status/1790223169640608091","17666340","qronoz"
"1781147842729685387","Fri Apr 19 02:28:32 +0000 2024","28","Pekan lalu berkesempatan menjajal ALIBO Angkot Listrik Bogor. Kesan pertamanya sangat baik mirip dengan Mikrotrans AC di Jakarta️ Karena ini masih ujicoba hanya ada 5 unit nunggunya lumayan juga pembayaran baru bisa Brizzi katanyasih bertahap semua KUE untung bisa QRIS sih https://t.co/HSzYqO6IuS","1781147842729685387","https://pbs.twimg.com/media/GLfoZMaboAA6Dlp.jpg","","in","Jakarta Capital Region","1","3","10","https://x.com/irhamsyarif/status/1781147842729685387","133690141","irhamsyarif"
"1796748955986047416","Sat Jun 01 03:41:47 +0000 2024","22","Angkot (mikrotrans) emel :v Jak24 https://t.co/3VcQ7tVyfv","1796748955986047416","https://pbs.twimg.com/media/GO9VpMXbwAA2ICh.jpg","","cs","","0","2","1","https://x.com/maul_malikk/status/1796748955986047416","1899144775","maul_malikk"
"1779052339330212132","Sat Apr 13 07:41:45 +0000 2024","165","1 mikrotrans penumpangnya turun semua di aeon cakung https://t.co/nPKrZCi82n","1779052339330212132","https://pbs.twimg.com/media/GLB2rGrbUAAgyOJ.jpg","","in","Jabodetabek","3","7","23","https://x.com/BisKota_/status/1779052339330212132","1619443765","BisKota_"
"1785564528601960896","Wed May 01 06:58:52 +0000 2024","3","akibat salah naik mikrotrans jadi harus jalan ke sini.. https://t.co/3gb1NRtYDS","1785564528601960896","https://pbs.twimg.com/media/GMeZdm6aUAAE8rE.jpg","","in","Bekasi, Jawa Barat","0","1","1","https://x.com/kang_redzone/status/1785564528601960896","1233539024326971394","kang_redzone"
"1789976773515469108","Mon May 13 11:11:33 +0000 2024","44","Wah beneran udah bisa mimin udah coba di beberapa rute TJ Bekasi termasuk Mikrotrans juga bisa ditracking menggunakan Google Maps. Goodjob @PT_Transjakarta https://t.co/l3UkSNt97Y","1789976773515469108","https://pbs.twimg.com/media/GNdGYpkaEAAIwAH.jpg","","in","Bekasi, Jawa Barat","0","1","6","https://x.com/tfbekasiraya/status/1789976773515469108","1737040454787665920","tfbekasiraya"
"1797159068681011272","Sun Jun 02 06:51:26 +0000 2024","24","A Thread rambu Bus Stop Transjakarta Mikrotrans dll Ruko Boulevard Barat Raya Kelapa Gading (seberang MOI) 12P JAK24 JAK60 JAK61 JAK76 JAK87 https://t.co/X6VvQeP3xV","1797159068681011272","https://pbs.twimg.com/media/GPDKobkb0AAUo2V.jpg","","in","","0","2","3","https://x.com/maul_malikk/status/1797159068681011272","1899144775","maul_malikk"
"1789970749928718839","Mon May 13 11:00:23 +0000 2024","945","Sampe ke Mikrotrans Jaklingko bisa ditrack live juga! A moment to celebrate! https://t.co/OsqoQwmG4Z","1789973962543317124","https://pbs.twimg.com/media/GNdD0N_bkAAe02c.jpg","adriansyahyasin","in","Jakarta, ID | Breda, NL","110","30","153","https://x.com/adriansyahyasin/status/1789973962543317124","169445636","adriansyahyasin"
"1784346602305724608","Sat Apr 27 22:19:16 +0000 2024","5","Ini peta terbaru transportasi umum di Jakarta. Kiri: integrasi Trains and BRT buses Kanan: integrasi Trains Jalur Non-BRT Mikrotrans Royaltrans Transjabodetabek bus wisata dan bus rusun belum masuk ke dalam peta karena bakal super kompleks dan njelimet https://t.co/4eoWGIWoUx","1784346602305724608","https://pbs.twimg.com/media/GMNFxUzbMAAiYDe.jpg","","in","Jakarta Selatan, Indonesia","0","1","1","https://x.com/Archiean14/status/1784346602305724608","366567010","Archiean14"
"1781350831385931989","Fri Apr 19 15:55:08 +0000 2024","0","lagi comeback aja temanya tetep transum (lagi nunggu mikrotrans) https://t.co/ivqYzq9Fya","1781350831385931989","https://pbs.twimg.com/media/GLihIJ8aEAACN5w.jpg","","in","she, 22.","0","1","0","https://x.com/paintergyu/status/1781350831385931989","984948193531019264","paintergyu"
"1789972693946667135","Mon May 13 11:03:21 +0000 2024","157","Mikrotrans? bisa juga guys amann https://t.co/xuoaNeEoqU","1789974709183840560","https://pbs.twimg.com/media/GNdEgPsbwAAUDI4.jpg","TfJakarta","in","Jakarta Capital Region","23","9","28","https://x.com/TfJakarta/status/1789974709183840560","842389038489247744","TfJakarta"
"1796077830247248044","Thu May 30 07:14:58 +0000 2024","1","Ini nih yg bikin gw mls naik angkot Mikrotrans yaitu supirnya bawa angkot nya gk bener Kadang ngebut / ngerem dadakan / ngegas dadakan / ugal² an !!! Udah dari lama byk komplain dari pelanggan setia angkot Mikrotrans ini tapi gk pernah ditanggepin dengan baik sama Mikrotrans nya https://t.co/rF7XBnUD0T","1796077830247248044","https://pbs.twimg.com/ext_tw_video_thumb/1796077789030039552/pu/img/PPv96p3eIYuRGKgE.jpg","","in","","0","0","0","https://x.com/FairuzFernanda6/status/1796077830247248044","1585243811433033728","FairuzFernanda6"
"1789210412292178024","Sat May 11 08:26:18 +0000 2024","0","cinta mikrotrans &lt;3 (walaupun nunggu nya lama) https://t.co/t9cpH4l0VH","1789210412292178024","https://pbs.twimg.com/media/GNSNYi5aoAAo8EM.jpg","","in","","0","0","0","https://x.com/pwettyhaechan/status/1789210412292178024","1433072092761640970","pwettyhaechan"
"1796560553487581508","Fri May 31 15:13:09 +0000 2024","4","Halo Sobat Kopaja! Kabar Gembira! Mulai 31 Mei 2024 Transjakarta memulai ujicoba AMARI di Mikrotrans JAK.36 JAK.47 JAK.52 dan JAK.75. Simak detailnya di post ini ya! #KopajaRapidTransit #KRT #TransKopaja #Transjakarta #AyoNaikTransjakarta #KotaKolaborasi https://t.co/t21oBrpeZg","1796560553487581508","https://pbs.twimg.com/media/GO6qS_vbcAErQv4.jpg","","in","Jakarta","0","1","1","https://x.com/TransKopaja/status/1796560553487581508","1672623667342364674","TransKopaja"
"1791435017622835517","Fri May 17 11:46:06 +0000 2024","1","Semoga #MRTJakarta kepikiran bangun stasiun di sepanjang jalur akses menuju Depo Rorotan. Panjang jalur akses Medan Satria-Depo Rorotan 5.9 Km lumayan kalo ada minimal 2 stasiun buat memudahkan akses warga sekitar sekaligus biar terintegrasi sama Mikrotrans JAK 05 &amp; 27. https://t.co/9hYnNNSdyp","1791435017622835517","https://pbs.twimg.com/media/GNx0pqMb0AAiwdU.jpg","","in","","2","1","1","https://x.com/TommyCahyo2/status/1791435017622835517","1265884301679190018","TommyCahyo2"
"1795023453294084279","Mon May 27 09:25:15 +0000 2024","0","ini transjakarta layanan BRT atau keseluruhan layanan (termasuk non BRT mikrotrans royaltrans)? @PT_Transjakarta https://t.co/NDufWDpRNl","1795023453294084279","https://pbs.twimg.com/media/GOk0UHVaEAAyqrU.jpg","","in","","0","1","0","https://x.com/gentrifybimbo/status/1795023453294084279","1117324791009009664","gentrifybimbo"
"1780570151462879558","Wed Apr 17 12:13:00 +0000 2024","7","Satu2nya hal yang bikin gw masih bangga jadi warga Jakarta: Mikrotrans alias angkot gratis @txttransportasi @jalur5_ https://t.co/U6Rrdp9282","1780570151462879558","https://pbs.twimg.com/media/GLXbG3La0AAPM5Q.jpg","","in","Jakarta","0","1","2","https://x.com/joyhenri__/status/1780570151462879558","1653616200960872449","joyhenri__"
"1780603032650281274","Wed Apr 17 14:23:39 +0000 2024","2","nara core train flowers bangtan jaklingko (trans jakarta mrt mikrotrans) https://t.co/tmGHTVJTZg","1780603032650281274","https://pbs.twimg.com/media/GLX4_7ObQAAWxnG.jpg","","in","caly narandra 18+ she/her","0","1","0","https://x.com/thvsme/status/1780603032650281274","1534170782347456512","thvsme"
"1790016922265722948","Mon May 13 13:51:05 +0000 2024","8","Bener-bener bisa euy untuk BRT maupun non BRT termasuk mikrotrans. Alhamdulillah dan semoga kedepannya sistemnya bisa lebih presisi lagi https://t.co/VAoSSZHztv","1790016922265722948","https://pbs.twimg.com/media/GNdq51wa0AAA6S-.jpg","","in","","0","1","0","https://x.com/Galih_Raka97/status/1790016922265722948","760551644","Galih_Raka97"
"1797242896867025327","Sun Jun 02 12:24:32 +0000 2024","175","Hari ini nyempetin liat langsung bus stop tanpa halte model baru untuk jalan lokal yang lebar trotoarnya kurang dari 2m. Sedikit kaget disepanjang lintasan mikrotrans JAK.45 Lebak Bulus-Ragunan ternyata sudah banyak yang seperti ini https://t.co/NT3TkHDIWm","1797242896867025327","https://pbs.twimg.com/media/GPEW3yJawAAKcSM.jpg","","in","Jakarta, Indonesia","5","4","25","https://x.com/rikigusma/status/1797242896867025327","105432036","rikigusma"
"1794334356145914008","Sat May 25 11:47:02 +0000 2024","5","Dari yang lama nunggu Mikrotrans JAK 87 Commuter Line arah Stasiun Bekasi telat masuk Stasiun Klender kegerimisan kehujanan nyampe rumah sakit udah mepet closing. Untung aja masih bisa. Fisioterapi ke-111 done. https://t.co/owLH58h4Mz","1794334356145914008","https://pbs.twimg.com/media/GObBlnOaAAAv-xt.jpg","","in","Priority Seat","0","2","0","https://x.com/26Ceicei/status/1794334356145914008","124639815","26Ceicei"
"1796767174239142145","Sat Jun 01 04:54:11 +0000 2024","1","Angkot Mikrotrans Beroperasi 24 Jam di Empat Rute Ini https://t.co/IxAHx33M0R","1796767174239142145","","","in","","0","0","0","https://x.com/IDNTimes/status/1796767174239142145","388190238","IDNTimes"
"1792524616902300053","Mon May 20 11:55:46 +0000 2024","12","Validator ToB mikrotrans ini yang tiap dapet guncangan hebat selalu restart https://t.co/I5VsaDRN9p","1792524616902300053","https://pbs.twimg.com/media/GOBToUbbkAA--Ib.jpg","","in","Jakarta, Indonesia","0","1","1","https://x.com/rikigusma/status/1792524616902300053","105432036","rikigusma"
"1786711294802018342","Sat May 04 10:55:42 +0000 2024","2","*Kartu Jaklingko Serba Guna* Naik transportasi umum Jakarta dari MikroTrans yang gratis ke TransJakarta KRL LRT n MRT plus Bis Wisata yg juga gratis! https://t.co/ZbLx51RTUC","1786711294802018342","https://pbs.twimg.com/ext_tw_video_thumb/1786711145132544000/pu/img/XdN5-1M7tLPMl84i.jpg","","in","Jakarta","0","0","0","https://x.com/yan_widjaya/status/1786711294802018342","1575338724","yan_widjaya"
"1780142384682299727","Tue Apr 16 07:53:12 +0000 2024","67","Mungkin mikrotrans ya maksudnya? Iya mikrotrans itu moda yang agile buat ke jalan-jalan kecil. Tapi jangan lupa kalo mikrotrans itu sifatnya feeder ada moda utamanya yaitu TJ.","1780142384682299727","","","in","Indonesia ","0","3","4","https://x.com/stravenues/status/1780142384682299727","1764278689188237312","stravenues"
"1790004869987774864","Mon May 13 13:03:12 +0000 2024","5","BAHKAN MIKROTRANS JG KEDETEK GMAPS JD BUKAN CM TRANSJAKARTA DOANG","1790004869987774864","","","in","Jekardah","0","1","0","https://x.com/desertedminds/status/1790004869987774864","1068890308669128704","desertedminds"
"1798286130628239775","Wed Jun 05 09:29:58 +0000 2024","94","Naik Mikrotrans JAK-20 JAK-21 JAK-75 gratis bisa ke Bandara Halim Perdanakusuma Naik Transjakarta Koridor 7 9 10 bisa turun di Halte Cawang Sentral kemudian lanjut naik Mikrotrans ini (Dari PGC kalau JAK-21) Udah ada shuttle berbayar juga dari Stasiun Halim menunggu ada https://t.co/N67EyXcuBd","1798286130628239775","https://pbs.twimg.com/media/GPTKzMPaUAACiWM.jpg","","in","Jakarta, ID | Breda, NL","0","4","8","https://x.com/adriansyahyasin/status/1798286130628239775","169445636","adriansyahyasin"
"1797857373777989669","Tue Jun 04 05:06:15 +0000 2024","12","Kabar baik nih Sobat Jakarta! Khususnya bagi para penyandang disabilitas bisa dapat akses gratis naik Transjakarta dan Mikrotrans lho. Kartu Layanan Gratis (KLG) ini bisa kamu daftarkan melalui website https://t.co/BipozPmHoM. Tetapi layanan ini jangan sampai https://t.co/0OFP7PNvto","1797857373777989669","https://pbs.twimg.com/amplify_video_thumb/1797856444831993856/img/lD_gyPvpkySFqilM.jpg","","in","Jakarta, Indonesia","0","3","3","https://x.com/DKIJakarta/status/1797857373777989669","166014938","DKIJakarta"
"1302230673508282368","Sat Sep 05 13:02:41 +0000 2020","4202","Terobosan terbaru dari @PT_Transjakarta. Pada Hari Pelanggan Nasional #Transjakarta meluncurkan unit terbaru #Mikrotrans yang lebih nyaman dan aman. Teman-teman sudah mencobanya? Tetap patuhi protokol kesehatan ketika menggunakan transportasi publik. #JakLingko #JagaJakarta https://t.co/PB7l5MQXCe","1302230673508282368","https://pbs.twimg.com/ext_tw_video_thumb/1302230174058999808/pu/img/7Lu7s-H1qUjKvpcB.jpg","","in","Indonesia","215","211","1082","https://x.com/aniesbaswedan/status/1302230673508282368","110312278","aniesbaswedan"
"1797846664709071160","Tue Jun 04 04:23:41 +0000 2024","2","Min @PT_Transjakarta TOB di Mikrotrans rute JAK10A dengan nomor lambung BDL-220004 tidak bisa digunakan menurut pramudi TOB sudah tidak berfungsi sejak sebulan yang lalu. https://t.co/qeFrZpXQGx","1797846664709071160","https://pbs.twimg.com/media/GPM7w4ta0AA-SKj.jpg","","in","","0","1","0","https://x.com/MFikriArdi99/status/1797846664709071160","1320293927543427072","MFikriArdi99"
"1796391800799904146","Fri May 31 04:02:35 +0000 2024","379","Sahabat TiJe kabar gembira! Mulai Jumat 31 Mei 2024 Transjakarta mulai mengoperasikan 4 rute mikrotrans AMARI yang beroperasi pukul 22:00-05:00 WIB. Apa aja sih rutenya? Lihat daftar rute selengkapnya pada gambar di bawah ini. https://t.co/3qyo9cMOWT","1796391800799904146","https://pbs.twimg.com/media/GO4K48UagAEzg9H.jpg","","in","DKI Jakarta","90","75","111","https://x.com/PT_Transjakarta/status/1796391800799904146","104556071","PT_Transjakarta"
"1787457348434563341","Mon May 06 12:20:15 +0000 2024","6","#disintegrasi weekday hari pertama. Biasanya naik dari Terminal Kp. Rambutan turun dari TJ jalan sedikit ke pool mikrotrans tanpa khawatir ramenya kondisi jalan raya sekarang kudu nerimo ing pandum Cc @jalur5_ @stravenues @adriansyahyasin https://t.co/jPkDLzlXGH","1787457348434563341","https://pbs.twimg.com/media/GM5S7VXbAAAanFU.jpg","","in","Jakarta, Indonesia","0","0","0","https://x.com/yahyasem/status/1787457348434563341","63079326","yahyasem"
"1789992619021389895","Mon May 13 12:14:31 +0000 2024","127","Ngedetek posisi bis @PT_Transjakarta mikrotrans secara live tracking sudah bisa dari gmaps https://t.co/OqSPvmEDSM","1789992619021389895","https://pbs.twimg.com/media/GNdUyodbkAA507i.jpg","","in","Jabodetabek","12","7","37","https://x.com/BisKota_/status/1789992619021389895","1619443765","BisKota_"
"1793766467600805901","Thu May 23 22:10:27 +0000 2024","6","di cikarang doang emang bayar angkot segitu gw dulu juga sampe diomelin krn cuma bayar 15rb. padahal di jkt aja jauh pun 4rb ini angkot konvensional jg bukan mikrotrans.","1793766467600805901","","","in","Jakarta Capital Region","0","0","2","https://x.com/heichoutruly/status/1793766467600805901","762068824371802112","heichoutruly"
"1790657117252423754","Wed May 15 08:15:00 +0000 2024","0","Posisi bus TransJakarta (TJ) kini bisa dilacak secara langsung (live) dan real-time lewat aplikasi Google Maps. Tak hanya bus TJ mikrotrans alias angkot dan bus Patas AC juga bisa dilacak lewat peta bikinan Google itu #SmartNews @kompascom https://t.co/iTTEb9351k","1790657117252423754","https://pbs.twimg.com/media/GNl6YKAbQAAjR6G.jpg","","in","Jl. Kebahagiaan No.4-14Jakarta","0","0","0","https://x.com/RadioSmartFM/status/1790657117252423754","177084452","RadioSmartFM"
"1782264079664726470","Mon Apr 22 04:24:04 +0000 2024","0","(Tegal 22 April 2024) Salam Prestasi! Salam PKTJ Hebat! #HaloJakwirPKTJ Hari ini PKTJ melaksanakan Upacara Pembukaan Diklat Sertifikasi Pengemudi Angkutan Umum MikroTrans Angkatan I dan II https://t.co/nxpdw9hjMX","1782264079664726470","https://pbs.twimg.com/media/GLvfJl6bQAAwfG_.jpg","","in","Tegal","0","1","0","https://x.com/PKTJ_Tegal/status/1782264079664726470","831863448032010240","PKTJ_Tegal"
"1793236928638447641","Wed May 22 11:06:15 +0000 2024","0","18.05 Halo min @PT_Transjakarta mikrotrans JAK28 KWK-338 (arah Cibubur) card readernya error min mohon ditindaklanjuti. Terima kasih https://t.co/rJMQ5S5O7k","1793236928638447641","https://pbs.twimg.com/media/GOLbbNRbgAA__OV.jpg","","in","Jakarta, Indonesia","0","3","0","https://x.com/yahyasem/status/1793236928638447641","63079326","yahyasem"
"1795268967558422995","Tue May 28 01:40:51 +0000 2024","4","Naik mikrotrans JakLingko bener² ngebantu bgt para sesepuh jadinya mereka bisa ke RS Persahabatan atau ke Pasar Rawasari riil memudahkan segala²nya asal ada political will","1795268967558422995","","","in","grapphene @ao3 ","0","0","0","https://x.com/grapphene/status/1795268967558422995","1752327219090018304","grapphene"
"1787445540890050640","Mon May 06 11:33:20 +0000 2024","18","Ini nyambung sama push and pull strategy. Pullnya udah ada di sekitar situ: TJ Metrotrans Mikrotrans dan MRT lagi otw. Minus trotoarnya Jl. Sabang yang ancur padahal ini harusnya infrastruktur dasar bukannya jadi bagian dari pull strategy atau nunggu demand. Pushnya ini","1787445540890050640","","","in","Indonesia ","0","2","1","https://x.com/stravenues/status/1787445540890050640","1764278689188237312","stravenues"
"1780944844464279714","Thu Apr 18 13:01:53 +0000 2024","6","Saya lebih melawan. Setuju naik dengan perlahan sama Mikrotrans sudah saatnya berbayar meski cuma 1.000 ","1780944844464279714","","","in","Semarang City - ID","0","1","6","https://x.com/FarhanSyafiqF/status/1780944844464279714","4123986432","FarhanSyafiqF"
"1790724336858616061","Wed May 15 12:42:06 +0000 2024","2","Tadi coba live track mikrotrans di google maps ternyata beneran akurat BANGET help ","1790724336858616061","","","in","He/him","0","1","0","https://x.com/mastermlind/status/1790724336858616061","1158961119853068289","mastermlind"
"1793820901588545992","Fri May 24 01:46:45 +0000 2024","12","Sekarang kita bisa melacak posisi bus @PT_Transjakarta secara real time lewat Google Maps! Biar tau kapan bus tiba di halte keberangkatan dan sampai di halte tujuan. Selain bus fitur live tracking ini berlaku buat Mikrotrans. Cek caranya di https://t.co/FhRAAn93ZX https://t.co/mxmQrZHp1k","1793820901588545992","https://pbs.twimg.com/media/GOTtzqGbEAA9GzA.jpg","","in","Jakarta, Indonesia","1","0","1","https://x.com/JSCLab/status/1793820901588545992","3105912422","JSCLab"
"1787038492939399380","Sun May 05 08:35:52 +0000 2024","1","Gua sedikit merasa indonesia akan baik baik aja dimasa yang akan datang ketika naik mikrotrans papasan bareng anak anak yg baru pulang berenang di GOR dan mereka tertib nge tap kartunya di mesin Tob","1787038492939399380","","","in","Jakarta Capital Region, Indone","0","0","0","https://x.com/slice_chips/status/1787038492939399380","1128988584147505152","slice_chips"
"1794150818612220127","Fri May 24 23:37:43 +0000 2024","1"," WTA kalau mau naik mikrotrans pakai flazz susah gak gais... aku dpt info ada yg bisa ada yang susah bantu jawab gais thank you","1794150818612220127","","","in","Indonesia","0","1","0","https://x.com/tanyakanrl/status/1794150818612220127","1331650559518990336","tanyakanrl"
"1790040325525819801","Mon May 13 15:24:05 +0000 2024","0","yg mikrotrans valid jg ga siiiii?","1790040325525819801","","","in","","0","0","0","https://x.com/amaliaabie/status/1790040325525819801","334537357","amaliaabie"
"1789244335890092088","Sat May 11 10:41:06 +0000 2024","3","Tiap pagi paling enggak aku ketemu 1-5 orang Cici-Cici Jembatan Lima sama Tambora naik Mikrotrans mengingat kantorku di Jembatan Lima. Kadang kalo pulang naik Mikrotrans pun tetep ketemu dan hafal aja lagi kalo aku turun di Damkar.","1789244335890092088","","","in","Meja Kerja","0","0","0","https://x.com/AnnRinnesia/status/1789244335890092088","1203524193637167105","AnnRinnesia"
"1787313082274087147","Mon May 06 02:47:00 +0000 2024","1","The urge to nonton bl di mikrotrans terus pas lagi asiknya nonton keganggu sopir yg ngamuk2 ke bapak2 yg belain ibu2 mau turun","1787313082274087147","","","in","Jakarta Capital Region","0","0","0","https://x.com/vikeeya/status/1787313082274087147","44300412","vikeeya"
"1797102389704654977","Sun Jun 02 03:06:16 +0000 2024","18","Saat ini Transjakarta sudah melayani 14 koridor utama Total sebanyak 7.614 bus stop 268 halte dan 245 rute beroperasi 94 Mikrotrans 62 Lintas Koridor (BRT/nBRT) 47 BRT 4 Bus Wisata 10 Transjabodetabek (BDST) 16 Rute Rusun dan 12 Royaltrans https://t.co/SyfqO015t6","1797102403357229149","https://pbs.twimg.com/media/GPCPlYBacAA0p44.jpg","HinoBalap","in","Jakarta","1","1","0","https://x.com/HinoBalap/status/1797102403357229149","1640327171498713089","HinoBalap"
"1790681313542131816","Wed May 15 09:51:09 +0000 2024","22","Dengan adanya live tracking di google ini jadi bisa transit nyambung mikrotrans yang sebelumnya ga paham jadi eh ternyata bs. Fatmawati ke radio dalam ternyata bs 1E + Jak 93 Nice ","1790681313542131816","","","in","Houston, TX","1","1","7","https://x.com/Adrianussatrio/status/1790681313542131816","360030872","Adrianussatrio"
"1793676642445144300","Thu May 23 16:13:31 +0000 2024","10","Jgn mau naik angkot busuk yg masih dipegang org2 begini. Kl di jkt ada mikrotrans... Diluar jkt ga dulu deh..","1793676642445144300","","","in","Houston, TX","0","1","3","https://x.com/Adrianussatrio/status/1793676642445144300","360030872","Adrianussatrio"
"1787806386367369368","Tue May 07 11:27:13 +0000 2024","1","Seneng bgt naik Mikrotrans gratis dari Kuningan ke Tebet wkwk","1787806386367369368","","","in","","0","0","0","https://x.com/Sliceofkimchi/status/1787806386367369368","614685050","Sliceofkimchi"
"1795289747780444357","Tue May 28 03:03:25 +0000 2024","0","Komisi B DPRD Jakarta Kritik Transportasi Mikrotrans Belum Ramah Disabilitas : Transportasi publik mini (Mikrotrans) yang beroperasi di Jakarta belum ramah disabilitas khususnya untuk pengguna kursi roda. Padahal kenyamanan transportasi umum merupakan https://t.co/kGSebgaJNJ https://t.co/SVM8ExL4mo","1795289747780444357","https://pbs.twimg.com/media/GOomgzZb0AAtAv5.jpg","","in","Pulo Gadung, Indonesia","0","0","1","https://x.com/tvOneNews/status/1795289747780444357","55507370","tvOneNews"
"1780915174679224452","Thu Apr 18 11:04:00 +0000 2024","4","Tayo itu Trans Jakarta Gani itu Trans Metro Dewata Rogi itu Trans Jatim Lani itu Trans Jogja Cito itu TJ Doubledecker Bong Bong itu Mikrotrans","1780915174679224452","","","in","Bali, Indonesia","0","1","0","https://x.com/krishnayana95/status/1780915174679224452","243184726","krishnayana95"
"1791262831964455381","Fri May 17 00:21:53 +0000 2024","0","kok di maps gue tbtb gabisa liat live tracking mikrotrans sih ","1791262831964455381","","","in","","0","2","0","https://x.com/torimisou/status/1791262831964455381","1256572701545598981","torimisou"
"1788045342245872042","Wed May 08 03:16:44 +0000 2024","2","Awokwokwowkwowk di kampung ga ada transum yg proper Sekampung2nya Jakarta masih ada kena transum yg lumayan proper. Jangkauan mikrotrans udah lumayan luas blusuk2 masuk ke jalan2 kecil juga. ","1788045342245872042","","","in","Japan","0","1","0","https://x.com/AyaPamungkas/status/1788045342245872042","46844111","AyaPamungkas"
"1789980820553322790","Mon May 13 11:27:38 +0000 2024","1","Kabar baik buat pengguna TJ dan MikroTrans..","1789980820553322790","","","in","Jakarta","0","1","0","https://x.com/_triprasetyo/status/1789980820553322790","198000295","_triprasetyo"
"1797969496722088030","Tue Jun 04 12:31:47 +0000 2024","42","Masih khawatir pulang malam hari? Tenang kini sudah ada mikrotrans Angkutan Malam Hari (AMARI) lho! Mulai Jumat 31 Mei 2024 Transjakarta mulai mengoperasikan 4 rute mikrotrans AMARI yang beroperasi pukul 22:00-05:00 WIB. Apa aja sih rutenya? Lihat daftar rute selengkapnya https://t.co/EgUxnZQtOl","1797969496722088030","https://pbs.twimg.com/media/GPOruPIa4AEg2Qi.jpg","","in","Jakarta, Indonesia","4","10","26","https://x.com/DKIJakarta/status/1797969496722088030","166014938","DKIJakarta"
"1776486451099918538","Sat Apr 06 05:45:50 +0000 2024","5","Problematika pengguna user Mikrotrans Jak 87 (arah Rawamangun): -&gt; bus stop Ace konon katanya diassign utk Jak 87 &gt; seharusnya mobil putbal depan SPBU sebelah Honda tapi kebanyakan putbal depan Popeyes -&gt; akhirnya skip bus stop Ace. Salah siapa ya? @gadinglyfe @jalur5_","1776486451099918538","","","in","Jakarta","0","1","1","https://x.com/joyhenri__/status/1776486451099918538","1653616200960872449","joyhenri__"
"1784155649968115762","Sat Apr 27 09:40:29 +0000 2024","1","lah kocak. kaga ada yang nyuruh ngafalin semua koridor TJ atau trayek mikrotrans","1784155649968115762","","","in","KAZ 2Y5","0","2","0","https://x.com/immeilized/status/1784155649968115762","838984783","immeilized"
"1784168355039195254","Sat Apr 27 10:30:58 +0000 2024","77","Belum liat aja peta mikrotrans","1784168355039195254","","","in","Houston, TX","0","7","8","https://x.com/Adrianussatrio/status/1784168355039195254","360030872","Adrianussatrio"
"1796798840441385268","Sat Jun 01 07:00:01 +0000 2024","44","Kabar baik mulai Jumat 31 Mei 2024 beberapa rute angkot mikrotrans sudah ada versi AMARI (Angkutan Malam Hari)-nya yang beroperasi pada pkl 22:00 - 05:00. Sekarang tinggal bagaimana pengguna gak dilewatin atau diskip sama sopir ketika mau naik mikrotrans malam hari.","1796798840441385268","","","in","Indonesia","0","3","11","https://x.com/txttransportasi/status/1796798840441385268","1617441699613270016","txttransportasi"
"1796119357820400013","Thu May 30 09:59:59 +0000 2024","4","#INFOTRANSJAKARTA | Layanan Mikrotrans Rute JAK 23: Senen-Pisangan Baru mengalami pengalihan rute dikarenakan adanya kegiatan warga di sekitar Jl Pisangan Baru Timur sementara tidak melayani BS Jl Pisangan Baru Tengah 1 s/d Pisangan Baru untuk kedua arah. #JAKI #PerluTahu #JAK23","1796119357820400013","","","in","DKI Jakarta","0","4","1","https://x.com/PT_Transjakarta/status/1796119357820400013","104556071","PT_Transjakarta"
"1798521222462091663","Thu Jun 06 01:04:09 +0000 2024","4","#INFOTRANSJAKARTA | Layanan Mikrotrans JAK 80: Rawa Kompeni-Rawa Buaya sementara mengalami pengalihan rute dikarenakan adanya kepadatan lalu lintas di sepanjang Jl Kamal Raya sementara arah Rawa Kompeni tidak melayani bus stop Kel Kamal Muara s/d MTSN 37. #JAKI #PerluTahu #JAK80","1798521222462091663","","","in","DKI Jakarta","1","2","0","https://x.com/PT_Transjakarta/status/1798521222462091663","104556071","PT_Transjakarta"
"1795961636412326291","Wed May 29 23:33:16 +0000 2024","4","#INFOTRANSJAKARTA | Layanan Mikrotrans JAK 37: PGC - Condet Via Kayumanis mengalami pengalihan rute dikarenakan adanya penutupan jalan disekitar Pintu Air Cililitan sementara arah PGC tidak melayani bus stop Assalam s/d Sbr. Masjid Al Hawi. #JAKI #perlutahu #JAK37","1795961636412326291","","","in","DKI Jakarta","0","5","0","https://x.com/PT_Transjakarta/status/1795961636412326291","104556071","PT_Transjakarta"
"1797102389704654977","Sun Jun 02 03:06:14 +0000 2024","22","Bagi warga Jakarta pasti sudah tidak asing dengan Transjakarta Iya bus kota garapan Sutiyoso di tahun 2004. Kini sudah 20 tahun Transjakarta berdiri layanannya juga semakin beragam. Mulai dari bus BRT bus wisata Metrotrans (Low Entry) dan Mikrotrans/Angkot https://t.co/niwMPBdpTv","1797102396344340595","https://pbs.twimg.com/media/GPCBi3zbwAAYmPD.jpg","HinoBalap","in","Jakarta","0","1","0","https://x.com/HinoBalap/status/1797102396344340595","1640327171498713089","HinoBalap"
"1792765724894904713","Tue May 21 03:53:51 +0000 2024","0","Mikrotrans ini emang canggih sih. Banyak hal menarik kalau kita naik transportasi ini: 1) budaya antre saat masuk; 2) budaya bantu tepin kartu penumpang lain; 3) ucap terima kasih ke sopir saat turun. Dan ini Rp0 -","1792765724894904713","","","in","","0","0","0","https://x.com/msafarnurhan/status/1792765724894904713","1728037974020141056","msafarnurhan"
"1788777978870325487","Fri May 10 03:47:58 +0000 2024","14","Mikrotrans kapan ya bisa disablitas friendly? Mobil nya model ramah disabilitas.","1788777978870325487","","","in","Houston, TX","0","9","0","https://x.com/Adrianussatrio/status/1788777978870325487","360030872","Adrianussatrio"
"1787831674082140522","Tue May 07 13:07:42 +0000 2024","0","judulnya hari ini hop on hop off transum andalan ibukota. dari mulai TJ nyambung KRL ditutup oleh Mikrotrans. gerah bgt sih zuzur!","1787831674082140522","","","in","Atlanta, GA","0","1","0","https://x.com/heytheresipa/status/1787831674082140522","12750582","heytheresipa"
"1788708684241260962","Thu May 09 23:12:37 +0000 2024","2","TK : dianter naik taksi sama Bunda SD : dianter kakung begitu kelas 5 sampai 6 diantar jemput pake ojek langganan bunda SMP : angkot SMA : jalan kaki (mondok) Kuliah : grab mikrotrans jaklingko","1788708684241260962","","","in","she/her ","1","0","0","https://x.com/es_sekotengs/status/1788708684241260962","1126725054715219972","es_sekotengs"
"1795985950280982724","Thu May 30 01:09:53 +0000 2024","0","Tadi tuh di Tanah Abang antrian lagi nguler banget. Gue nyungsep dengan tidak estetik karena gedubraknya di lantai mikrotrans (sepertinya akunya juga masih ngantuk) Makanya gue bilang kan sakitnya ga seberapa malunya itu.","1795985950280982724","","","in","Meja Kerja","0","1","0","https://x.com/AnnRinnesia/status/1795985950280982724","1203524193637167105","AnnRinnesia"
"1780745416281366582","Wed Apr 17 23:49:26 +0000 2024","0","Udah enak 2 hari hari ini kembali pd season nungguin mikrotrans ga jelas","1780745416281366582","","","in","","0","1","0","https://x.com/em_er_zet/status/1780745416281366582","247781809","em_er_zet"
"1773655735764656139","Fri Mar 29 10:17:34 +0000 2024","36","Salah satu yg aku apresiasi bgt dri sistem Jaklingko dan Mikrotrans adlh budaya tertib dan integritas Petugas dan supir jdi pionir dlm hal ini. Penumpang dikasih antrean di terminus dilarang memberi uang ada cctv juga di dalem angkotnya. Penumpang akhirnya ikut tertib.","1773655735764656139","","","in","Bandung, Indonesia","1","1","0","https://x.com/mrmaulaa/status/1773655735764656139","723491784","mrmaulaa"
"1796391800799904146","Fri May 31 04:05:50 +0000 2024","2","@PT_Transjakarta Wow menarik Mikrotrans AMARI","1796392621482631302","","PT_Transjakarta","in","somewhere in java","0","0","0","https://x.com/GubernurGandus/status/1796392621482631302","1308763234942427137","GubernurGandus"
"1798479762777915899","Wed Jun 05 22:19:24 +0000 2024","4","#INFOTRANSJAKARTA | Layanan Mikrotrans JAK 37: Condet - Cililitan mengalami pengalihan rute dikarenakan adanya perbaikan gorong gorong disekitar Jl Raya Condet. Sementara arah Cililitan tidak melayani bus stop Masjid As Salam s/d Masjid Al Hawi. #JAKI #PerluTahu #JAK37","1798479762777915899","","","in","DKI Jakarta","0","2","2","https://x.com/PT_Transjakarta/status/1798479762777915899","104556071","PT_Transjakarta"
"1792755352871846098","Tue May 21 03:12:38 +0000 2024","5","agak kaget dikit waktu tau mikrotrans (jaklingko) punya 120 nomor trayek","1792755352871846098","","","in","Bandung, Indonesia","0","0","0","https://x.com/raihanaulia_rar/status/1792755352871846098","244442241","raihanaulia_rar"
"1796502890837954715","Fri May 31 11:24:01 +0000 2024","4","Bbrp rute mikrotrans (yg sering disebut Jaklingko) jadi 24 jam. Skrg masi 4 rute semoga ditambah di masa mendatang Bisa kali min Jak-14 Jak-53 jadi 24 jam juga","1796502890837954715","","","in","B25 MAT","0","3","0","https://x.com/BaronBram/status/1796502890837954715","1124609452995371008","BaronBram"
"1797961013939343808","Tue Jun 04 11:58:04 +0000 2024","37","Baru kali ini gw naik Mikrotrans sampai senam jantung Jebolan Dominic Toretto kali ya https://t.co/p9iQc65qAZ","1797961013939343808","https://pbs.twimg.com/media/GPOkAXibIAAW-9H.jpg","","in","Inside your walls","0","9","0","https://x.com/PetrolWeeb/status/1797961013939343808","1303855886884986880","PetrolWeeb"
"1796727896352207260","Sat Jun 01 02:18:06 +0000 2024","145","Sepele tapi ya bikin heran. Ada 2 SDN dan SMP di Jalan Cilacap. Tapi tidak ada pemberhentian mikrotrans padahal ada jalurnya. Anak SDN harus sebrangi Jl Cik Ditiro yg ramai. Apakah @PT_Transjakarta dilarang bikin stop an sama Hotel Hermitage? https://t.co/nIWR73f3pI","1796727896352207260","https://pbs.twimg.com/media/GO9Cc8-acAAOrcf.jpg","","in","Jakarta","0","7","62","https://x.com/elisa_jkt/status/1796727896352207260","44556194","elisa_jkt"
"1793226983729725856","Wed May 22 10:26:44 +0000 2024","0","Transjakarta K8 atau Mikrotrans JAK102","1793226983729725856","","","in","hypothetical studio","0","0","0","https://x.com/dafbur/status/1793226983729725856","94819591","dafbur"
"1794961321810935878","Mon May 27 05:18:22 +0000 2024","4","#INFOTRANSJAKARTA | Layanan Mikrotrans Rute JAK 15: Tj Priok - Bulak Turi saat ini beroperasi normal kembali tanpa pengalihan. #JAKI #PerluTahu #JAK15","1794961321810935878","","","in","DKI Jakarta","0","2","0","https://x.com/PT_Transjakarta/status/1794961321810935878","104556071","PT_Transjakarta"
"1797913865470259607","Tue Jun 04 08:50:43 +0000 2024","4","#INFOTRANSJAKARTA | Layanan Mikrotrans JAK 37: Condet - Cililitan mengalami pengalihan rute dikarenakan adanya perbaikan gorong gorong disekitar Jl H Ali. Sementara tidak melayani bus stop Simpang Kramat Barat H Ali s/d Simpang H Ali Raya. #JAKI #PerluTahu #JAK37","1797913865470259607","","","in","DKI Jakarta","0","1","1","https://x.com/PT_Transjakarta/status/1797913865470259607","104556071","PT_Transjakarta"
"1793272124192489530","Wed May 22 13:26:06 +0000 2024","0","Mikrotrans kadang problematik ya...","1793272124192489530","","","in","ジャカルタ","0","0","0","https://x.com/ErikkuRii/status/1793272124192489530","1054721107423506432","ErikkuRii"
"1797801019142984044","Tue Jun 04 01:22:19 +0000 2024","9","#INFOTRANSJAKARTA | Layanan Mikrotrans JAK 80: Rawa Kompeni - Rawa Buaya mengalami pengalihan rute dikarenakan adanya perbaikan gorong gorong disekitar Jl Kamal Raya. Sementara arah Rawa Kompeni tidak melayani bus stop Pasar Kamal s/d Alfamart Kp Belakang. #JAKI #PerluTahu #JAK80","1797801019142984044","","","in","DKI Jakarta","0","7","1","https://x.com/PT_Transjakarta/status/1797801019142984044","104556071","PT_Transjakarta"
"1796391800799904146","Fri May 31 04:06:26 +0000 2024","2","@PT_Transjakarta minimal satu mikrotrans dari tanah abang yang lewatin slipi petamburan pleaseeeeee","1796392769273139361","","PT_Transjakarta","in","","0","1","0","https://x.com/vkrich/status/1796392769273139361","91576898","vkrich"
"1790379176534401453","Tue May 14 13:50:33 +0000 2024","0","Naga-naganya tarif transportasi publik di Jakarta tak lama lagi bakal naik. Paling nggak moda Commuterline dan Trans Jakarta. Semoga Mikrotrans konsisten tak perlu bayar. Banyak warga terbantu kegratisannya.","1790379176534401453","","","in","d/h DKI","0","0","1","https://x.com/dalangdigital/status/1790379176534401453","29380490","dalangdigital"
"1780937271933579500","Thu Apr 18 12:31:48 +0000 2024","0","For the very first time nyobain Mikrotrans JAK 23 Senen - Pisangan Baru + masih Rp0 tentu saja + bisa naik dari depan kantor + sudah semacam courtesy penumpangnya sukarela bantuin tap in &amp; tap out kartu penumpang lain - lewatin jalan sempit di Jakpus (Tanah Tinggi)","1780937271933579500","","","in","","0","1","0","https://x.com/weky/status/1780937271933579500","30471189","weky"
"1797978954906906905","Tue Jun 04 13:09:22 +0000 2024","1","Enak juga naik mikrotrans dari cipete ke pasming coba ada mikrotrans juga dr pasming ke kalibata kan bisa gratis gue kalo pulang wkwk","1797978954906906905","","","in","Jakarta Selatan, DKI Jakarta","0","0","0","https://x.com/vwxyzck/status/1797978954906906905","870806026957631488","vwxyzck"
"1796514479313965512","Fri May 31 12:10:04 +0000 2024","0","naik mikrotrans bisa pakai kartu emoney/tapcash yang tanpa logo jaklingko nya ga? ","1796514479313965512","","","in","Indonesia","0","0","0","https://x.com/tanyakanrl/status/1796514479313965512","1331650559518990336","tanyakanrl"
"1796423878509817955","Fri May 31 06:10:03 +0000 2024","0","mikrotrans sama jaklingko itu sama ga sih? terus kan katanya tarif 0 rupiah ya? bisa pake kartu tapcash atau emoney mandiri ga? atau cuma bisa pake kartu yg ada tulisan jaklingko nya doang? ","1796423878509817955","","","in","Indonesia","0","2","0","https://x.com/tanyakanrl/status/1796423878509817955","1331650559518990336","tanyakanrl"
"1796674981893705850","Fri May 31 22:47:50 +0000 2024","2","Susul Amari Transjakarta skrg hadir jg Amari Mikrotrans. Mulai Jumat (31/5) Mikrotrans beroperasi 24 jam di empat rute antara lain Kalideres-Muara Angke (JAK52) Pasar Minggu-Ciganjar (JAK47) Cililitan-Kampung Pulo (JAK75) dan Cilangkap-Cililitan (JAK36) #thread https://t.co/R7U0yvvSot","1796674981893705850","https://pbs.twimg.com/media/GO8SUW8bwAAzlRa.jpg","","in","Jakarta Pusat, DKI Jakarta","0","2","0","https://x.com/kabarpenumpang/status/1796674981893705850","824914361181278209","kabarpenumpang"
"1796391800799904146","Fri May 31 09:04:54 +0000 2024","3","@PT_Transjakarta Min gmn ya caranya agar win win solution. Supir mikrotrans tuh ngebut2 banget karna ngejar kilometer. Tp kalo gk dikasih gaji per kilometer dia bakalan males2an. Gimana ya agar ada solusi nya. Soalnya yg jadi korban penumpangnya...","1796467883201237053","","PT_Transjakarta","in","Jakarta Pusat, DKI Jakarta","0","1","0","https://x.com/silkalll/status/1796467883201237053","1496494984127971328","silkalll"
"1796391800799904146","Fri May 31 05:59:15 +0000 2024","2","@PT_Transjakarta Ga lagi-lagi naik mikrotrans min. Baru pertama kali udah shock bawa ngebut polisi tidur dihantam sampai rumah kepala langsung sakit.","1796421163306082426","","PT_Transjakarta","in","","0","2","0","https://x.com/siapatauasik/status/1796421163306082426","1456176367234531328","siapatauasik"
"1795079878578000333","Mon May 27 13:09:28 +0000 2024","0","Diskip Jaklingko/mikrotrans 3x. 1 drivernya ngebut aja yang ke 2 karena penuh yg ke 3 drivernya ga liat. Ada solusi kongkret? Btw Jak31 arah Andara @PT_Transjakarta","1795079878578000333","","","in","New Zealand","0","2","0","https://x.com/abdlrzzq/status/1795079878578000333","137035723","abdlrzzq"
"1798286130628239775","Wed Jun 05 13:00:20 +0000 2024","2","@adriansyahyasin keren bandara regional akses transum nya cuma mikrotrans awowkwk. mana berani kota lain bolehin angkot masuk bandara hehe","1798339072186097893","","adriansyahyasin","in","Jakarta, Indonesia, Earth","0","0","0","https://x.com/RDhaniswara/status/1798339072186097893","2583188353","RDhaniswara"
"1798476492567187720","Wed Jun 05 22:06:24 +0000 2024","3","#INFOTRANSJAKARTA | Layanan Mikrotrans JAK 34: Terminal Klender - Terminal Rawamangun mengalami pengalihan rute karena adanya proyek sodetan di sekitar Jl Bulak Raya sementara tidak melayani bus stop Panti Asuhan Anak Putra Utama 1 s/d Flyover Klender 1. #JAKI #PerluTahu #JAK34","1798476492567187720","","","in","DKI Jakarta","0","0","0","https://x.com/PT_Transjakarta/status/1798476492567187720","104556071","PT_Transjakarta"
"1796308913836671290","Thu May 30 22:33:13 +0000 2024","6","#INFOTRANSJAKARTA | Layanan Mikrotrans JAK 37: PGC - Condet Via Kayumanis mengalami pengalihan rute dikarenakan adanya penutupan jalan disekitar Pintu Air Cililitan sementara arah PGC tidak melayani bus stop Assalam s/d Sbr. Masjid Al Hawi. #JAKI #perlutahu #JAK37","1796308913836671290","","","in","DKI Jakarta","0","0","1","https://x.com/PT_Transjakarta/status/1796308913836671290","104556071","PT_Transjakarta"
"1798260566659899799","Wed Jun 05 07:48:23 +0000 2024","5","#INFOTRANSJAKARTA | Layanan Mikrotrans JAK 37: Condet - Cililitan mengalami pengalihan rute dikarenakan adanya perbaikan gorong gorong disekitar Jl Condet Raya Cililitan. Sementara tidak melayani bus stop Assalam s/d Seruni. #JAKI #PerluTahu #JAK37","1798260566659899799","","","in","DKI Jakarta","0","2","0","https://x.com/PT_Transjakarta/status/1798260566659899799","104556071","PT_Transjakarta"
"1798536837491020250","Thu Jun 06 02:06:11 +0000 2024","0","Uji Coba Angkutan Mikrotrans Beroperasi 24 Jam https://t.co/jsF5nqydH6 #TempoFoto","1798536837491020250","","","in","Indonesia","0","0","0","https://x.com/tempodotco/status/1798536837491020250","18129942","tempodotco"
"1796392767415046147","Fri May 31 04:06:25 +0000 2024","8","HAH!? MIKROTRANS AMARI?? Benar-benar suatu inovasi revolusioner ini :vv Btw ada yang lewat dekat rumah gw tuh. Makasih ya tije hehe ...","1796392767415046147","","","in","Jakarta Selatan, DKI Jakarta","0","0","0","https://x.com/abu_mahdzuroh/status/1796392767415046147","1645389396","abu_mahdzuroh"
"1797759779722625438","Mon Jun 03 22:38:26 +0000 2024","9","#INFOTRANSJAKARTA | Layanan Mikrotrans Rute JAK 34: Terminal Klender - Terminal Rawamangun mengalami pengalihan rute karena adanya proyek sodetan di sekitar Jl Bulak Raya sementara tidak melayani bus stop Panti Asuhan Anak Putra Utama 1 s/d Flyover Klender 1. #JAKI #PerluTahu","1797759779722625438","","","in","DKI Jakarta","0","0","0","https://x.com/PT_Transjakarta/status/1797759779722625438","104556071","PT_Transjakarta"
"1796779226622030208","Sat Jun 01 05:42:04 +0000 2024","1","TransJakarta Lakukan Uji Coba Angkot Mikrotrans 24 Jam di Empat Rute https://t.co/ZypXVOiAO9","1796779226622030208","","","in","","0","0","0","https://x.com/IDNTimes/status/1796779226622030208","388190238","IDNTimes"
"1771020027904549113","Fri Mar 22 03:44:13 +0000 2024","2","Hujan deras yang mengguyur Jakarta sejak malam tadi berdampak pada rute Transjakarta dan Mikrotrans yang untuk sementara tak dapat melayani pelanggan.#newsupdate #update #news #text https://t.co/rcaSch27od","1771020027904549113","","","in","","0","0","1","https://x.com/kumparan/status/1771020027904549113","759692754985242625","kumparan"
"1795073749001142477","Mon May 27 12:45:07 +0000 2024","0","Mikrotrans Belum Ramah Disabilitas Pengguna Kursi Roda #dprd #dprddki #dprddkijakarta https://t.co/BMQiWAzqoh","1795073749001142477","","","in","Jakarta Pusat, DKI Jakarta","0","0","0","https://x.com/dprddkijakarta/status/1795073749001142477","4677002173","dprddkijakarta"
"1796314952464261496","Thu May 30 22:57:13 +0000 2024","3","#INFOTRANSJAKARTA | Mikrotrans Rute JAK 23: Senen - Pisangan Baru mengalami pengalihan rute dikarenakan adanya penutupan jalan di sekitar Jl Pisangan Baru Timur sementara tidak melayani BS Jl Pisangan Baru Tengah 1 dan Pisangan Baru untuk kedua arah. #JAKI #PerluTahu #JAK23","1796314952464261496","","","in","DKI Jakarta","0","1","0","https://x.com/PT_Transjakarta/status/1796314952464261496","104556071","PT_Transjakarta"
"1797975052413284573","Tue Jun 04 12:55:41 +0000 2024","2","@kitty_gandalf Bisalah Angkot dibikin kayak Mikrotrans. Setidaknya ada SOP yang jelas","1797975511316238649","","kitty_gandalf","in","Inside your walls","0","1","0","https://x.com/PetrolWeeb/status/1797975511316238649","1303855886884986880","PetrolWeeb"
"1798257297501925844","Wed Jun 05 10:05:55 +0000 2024","2","@w_i_d_h_i @txttransportasi Di SG ga ada LCGC LCGC Sialan biang kemacetan di indo Di indo bukannya nambah bus TJ baru nan bagus malah pake bus biru hino reot (kor 2B) malah normalisasi angkot busuk ganti baju tukang ngebut (baca : mikrotrans) Bikin angkot low deck yg bagus kaya di turki/korsel","1798295176466898972","","w_i_d_h_i","in","Jakarta Utara, DKI Jakarta","0","0","0","https://x.com/aforann/status/1798295176466898972","102613368","aforann"
"1797816181627523197","Tue Jun 04 02:25:30 +0000 2024","3","@stravenues Setara Mikrotrans lah ini transfer Mbappé","1797816922740019315","","stravenues","fr","Indonesia","0","0","0","https://x.com/daffahanip/status/1797816922740019315","1715281399","daffahanip"
"1797961013939343808","Tue Jun 04 12:14:44 +0000 2024","2","@PetrolWeeb Mikrotrans kalo ga balap ga cuan mereka. (Fr ini mah)","1797965207526047968","","PetrolWeeb","in","Motosport HQ","0","0","0","https://x.com/Renjiro_Junichi/status/1797965207526047968","1272528851332186114","Renjiro_Junichi"
"1797097051718840648","Sun Jun 02 02:45:00 +0000 2024","1","Transjakarta Uji Coba 4 Rute Mikrotrans Beroperasi 24 Jam https://t.co/7rE9oILsVt","1797097051718840648","","","in","iNews Tower","1","0","0","https://x.com/officialinews_/status/1797097051718840648","132078023","officialinews_"
"1796679615886344631","Fri May 31 23:06:15 +0000 2024","7","TransJakarta resmi melakukan uji coba beroperasi 24 jam. Amari ini akan uji coba selama tiga bulan dengan target penambahan penumpang lima persen. https://t.co/DFLNjXw3KU","1796679615886344631","","","in","","0","2","0","https://x.com/detikcom/status/1796679615886344631","69183155","detikcom"
"1796703234897399917","Sat Jun 01 00:40:06 +0000 2024","2","Mikrotrans 24 jam di empat rute oleh PT Transjakarta untuk memenuhi kebutuhan warga yang beraktivitas di malam hari. https://t.co/DNx1lBbzjP #Metro #AdadiKompas","1796703234897399917","","","in","Palmerah, Jakarta","0","1","0","https://x.com/hariankompas/status/1796703234897399917","255866913","hariankompas"
"1797113728623935683","Sun Jun 02 03:51:16 +0000 2024","0","PT Transjakarta Pecat Pramudi Mikrotrans JakLingko Ugal-ugalan Sebabkan Pelajar Terjatuh https://t.co/PPTTCAtLVI","1797113728623935683","","","in","Indonesia","0","0","0","https://x.com/merdekadotcom/status/1797113728623935683","456426648","merdekadotcom"
"1796698822342824431","Sat Jun 01 00:22:34 +0000 2024","0","Tarif Mikrotrans Amari sebesar Rp 0 alias gratis tapi pengguna diwajibkan untuk naik dan turun di titik bus stop yang telah ditentukan. https://t.co/IQsayRngl7","1796698822342824431","","","in","Jakarta","0","0","0","https://x.com/kompascom/status/1796698822342824431","23343960","kompascom"
"1796801131265581329","Sat Jun 01 07:09:07 +0000 2024","1","TransJakarta uji coba empat rute Mikrotrans yang beroperasi 24 jam https://t.co/nEDdp7kNN2","1796801131265581329","","","in","NKRI","0","0","0","https://x.com/antaranews/status/1796801131265581329","18071520","antaranews"
"1796657076896203010","Fri May 31 21:36:42 +0000 2024","1","Pramudi JakLingko atau Mikrotrans di Jatinegara diduga ugal-ugalan hingga menyebabkan seorang siswi terjatuh saat hendak turun. PT Transjakarta pun buka suara. https://t.co/KnKSIddGb5","1796657076896203010","","","in","","1","2","1","https://x.com/detikcom/status/1796657076896203010","69183155","detikcom"
"1796850326785700124","Sat Jun 01 10:24:36 +0000 2024","0","Beroperasi 24 Jam Mikrotrans Amari Uji Coba 4 Rute https://t.co/AsAwn79AAU #beritasatu #news #berita","1796850326785700124","","","in","Jakarta","0","0","1","https://x.com/Beritasatu/status/1796850326785700124","154102750","Beritasatu"
"1796840252616868284","Sat Jun 01 09:44:34 +0000 2024","2","PT Transjakarta Jumat (31/5) malam meluncurkan armada Mikrotrans atau Jaklingko untuk melayani empat rute angkutan malam hari (Amari). #BacadiBJ #beritajakarta #dkijakarta #JAKI #WeLoveJakarta https://t.co/08NOIcRj0g","1796840252616868284","","","in","Balaikota DKI Jakarta","0","0","0","https://x.com/BeritaJakarta/status/1796840252616868284","213204035","BeritaJakarta"
"1798356651621445961","Wed Jun 05 14:10:12 +0000 2024","0","Foto: Uji Coba Mikrotrans Beroperasi 24 Jam dengan Empat Rute di Jakarta #newsupdate #update #news #text https://t.co/xdoCVXKRSF","1798356651621445961","","","in","","0","0","0","https://x.com/kumparan/status/1798356651621445961","759692754985242625","kumparan"
