,created_at,favorite_count,full_text,id_str,lang,location,quote_count,reply_count,retweet_count,username,keyword
0,Fri Jun 21 14:30:49 +0000 2024,0.0,info rute taman mt haryono unnes,1.8041600451875471e+18,in,"Jawa Tengah, Indonesia",0.0,1.0,0.0,machacihhhahh,Transsemarang
1,Thu Jun 20 07:28:14 +0000 2024,1.0,hai kak tny driver feeder emg diajarkan ugalan jalan juni sktr jam nomornya f ugalan nyalip nya ngawur smpe nabrak motor arah berlawanan bbrp kali jg ketemu sm supir feeder ugalan ky gn,1.8036913103791025e+18,in,,0.0,2.0,0.0,happinessis0305,Transsemarang
2,Wed Jun 19 08:26:12 +0000 2024,0.0,halo rute terminal mangkang dp mall semarang tuh gimana makasih,1.8033435119511224e+18,in,"Kendal, Indonesia",0.0,1.0,0.0,Abqoriahm,Transsemarang
3,Sun Jun 16 05:45:48 +0000 2024,0.0,siang rute unnes genuk gimana yaa,1.8022159824314043e+18,in,,0.0,2.0,0.0,piwcious,Transsemarang
4,Sat Jun 15 13:48:46 +0000 2024,0.0,halo rute undip dusun semilir gimana,1.801975137392038e+18,in,,0.0,2.0,0.0,Khb131_id,Transsemarang
5,Fri Jun 14 07:41:31 +0000 2024,0.0,halo kak pembayaran non tunai brt kartu emoney mandiri,1.801520326033216e+18,in,dream land,0.0,1.0,0.0,7llininmyroom,Transsemarang
6,Fri Jun 14 02:35:43 +0000 2024,0.0,halo rute undip st tawang gimana makasih sblmnya,1.8014433717074703e+18,in,,0.0,1.0,0.0,Khb131_id,Transsemarang
7,Wed Jun 12 14:16:38 +0000 2024,0.0,halo rute halte polines makodam gimana terima kasih,1.800894985249952e+18,in,,0.0,1.0,0.0,yangnnyeom,Transsemarang
8,Wed Jun 12 11:17:27 +0000 2024,0.0,malam mohon cek ac berkala armada koridor iv siliwangi cangkiran sumuk ac pintu dibuka biar angin masuk terima kasih,1.8008498946783688e+18,in,Indonesia,0.0,1.0,0.0,Asalia_Li,Transsemarang
9,Wed Jun 12 01:18:50 +0000 2024,0.0,total bus diperiksa melebihi ambang batas emisi alias kemebul parah piyeeee,1.8006992450430817e+18,in,,0.0,1.0,0.0,Olikotor_,Transsemarang
10,Tue Jun 11 02:34:53 +0000 2024,0.0,pagi layanan malam brt melayani rute jam pelayanannya,1.80035599591245e+18,in,Indonesia,0.0,1.0,0.0,Asalia_Li,Transsemarang
11,Sun Jun 09 01:29:17 +0000 2024,0.0,selamat pagi rute soka gakkai unnes gmna,1.7996147145212314e+18,in,,0.0,1.0,0.0,temanbaikmu111,Transsemarang
12,Sat Jun 08 10:43:30 +0000 2024,0.0,malam admin brt rute stasiun poncol karanganyar jam sore beroperasi ngga,1.7993917978248645e+18,in,,0.0,1.0,0.0,leehaechall,Transsemarang
13,Sat Jun 08 05:30:39 +0000 2024,0.0,mestinya turun halte stasiun semarang poncol ndak berhenti halte dilewati aba aba kondektur posisi kondektur mengobrol driver,1.7993130667500954e+18,in,,0.0,3.0,0.0,adhepur,Transsemarang
14,Fri Jun 07 15:05:36 +0000 2024,1.0,berjalan jalan iseng keliling kota pakai dah seneng pindah kota jujur kehilangan sistem brt kupakai pulang sekolah,1.7990953698482793e+18,in,"Semarang, Jawa Tengah",0.0,0.0,0.0,kertanegara_133,Transsemarang
15,Fri Jun 07 14:00:35 +0000 2024,0.0,rs permata medika udinus brt ngga yaa,1.79907900933222e+18,in,,0.0,1.0,0.0,jerukmanls,Transsemarang
16,Fri Jun 07 11:36:05 +0000 2024,0.0,brt halte jrakah amarta sampe jam,1.7990426429380652e+18,in,aesthevism,0.0,1.0,0.0,demnxoi_,Transsemarang
17,Fri Jun 07 06:21:32 +0000 2024,0.0,nanya idul adha brt jalan,1.798963484048368e+18,in,,0.0,1.0,0.0,gularebu,Transsemarang
18,Sat May 18 04:51:54 +0000 2024,0.0,rute gereja katolik katedral randusari unnes gmna,1.7916931717576666e+18,in,,0.0,1.0,0.0,temanbaikmu111,Transsemarang
19,Fri May 17 14:17:22 +0000 2024,1.0,info sriwijaya salatiga trans jateng,1.7914730875209114e+18,in,,0.0,1.0,0.0,luckyistoday,Transsemarang
20,Fri May 17 04:52:30 +0000 2024,0.0,admin nanya rute undip kota gimana,1.7913309332469844e+18,in,btsarmy,0.0,1.0,0.0,talkboutmy,Transsemarang
21,Tue May 14 04:39:32 +0000 2024,0.0,minn info gubug balkot rutenya gimana yaa,1.7902405063348475e+18,in,,0.0,1.0,0.0,ksjfuturee,Transsemarang
22,Mon May 13 16:22:36 +0000 2024,0.0,halo stasiun tawang bsb city koridor darimana,1.7900550529686282e+18,in,,0.0,1.0,0.0,bawelp,Transsemarang
23,Sun May 12 15:20:11 +0000 2024,0.0,iyaaa aplikasi nya dah bagus klo tracking unt nyari rute blm proper,1.7896769566252854e+18,in,,0.0,0.0,0.0,alzal18,Transsemarang
24,Sat May 11 21:48:55 +0000 2024,0.0,halo mangkang daerah banjarsari tembalang feeder,1.7894123947220134e+18,in,,0.0,1.0,0.0,akunbelajarrr,Transsemarang
25,Fri May 10 04:39:44 +0000 2024,46.0,admin mampir da nang andai subfeeder pakai armada,1.7887910050069673e+18,in,"Kota Semarang, Kab. Banyumas",2.0,7.0,10.0,TransportforSMG,Transsemarang
26,Wed May 08 13:41:50 +0000 2024,0.0,moda transportasi sekolah tk jalan kaki sd jalan kaki smp jalan kaki rumah parkiran temen sma bis motoran kuliah motoran bus tuyul,1.7882026525240282e+18,in,,0.0,0.0,0.0,kangahdi,Transsemarang
27,Tue May 07 08:06:44 +0000 2024,0.0,keberangkatan terminal mangkang jam brapa mohon infonya,1.787755936284861e+18,in,,0.0,1.0,0.0,irfd4sm,Transsemarang
28,Mon May 06 05:36:52 +0000 2024,0.0,minn mauu nanya dungss rute unnes museum ranggawarsita,1.7873558320213934e+18,in,,0.0,0.0,0.0,haesunchi,Transsemarang
29,Sat May 04 07:12:29 +0000 2024,0.0,selamat siang kota unnes rute nya terimakasih,1.786655119029019e+18,in,,0.0,1.0,0.0,sepgudayz,Transsemarang
30,Sat May 04 05:59:15 +0000 2024,0.0,minn turun koridor transit a bayar,1.7866366903393613e+18,in,,0.0,1.0,0.0,yexoliny,Transsemarang
31,Fri May 03 16:03:17 +0000 2024,0.0,gramedia pandanaran paragon brt rutenya terima kasih,1.7864263095368215e+18,in,,0.0,1.0,0.0,mvrlorddle,Transsemarang
32,Fri May 03 08:20:28 +0000 2024,0.0,selamat sore unnes kota rute nya terimakasih,1.786309839293207e+18,in,,0.0,1.0,0.0,sepgudayz,Transsemarang
33,Fri May 03 05:41:01 +0000 2024,0.0,halo brt arah undip beroperasi jam,1.7862697149788984e+18,in,,0.0,1.0,0.0,yexoliny,Transsemarang
34,Thu May 02 05:41:30 +0000 2024,2.0,selamat kota semarang semoga kota semarang maju sejahtera kompak hebat semaranghebat semarangpemkot semarang semarangsemakinhebat walikotasemarang,1.785907447091397e+18,in,Semarang,0.0,1.0,0.0,Dishubkotasmg,Transsemarang
35,Sun Apr 21 06:07:05 +0000 2024,0.0,info rute halte balaikota halte sma,1.7819276176226143e+18,in,ğ“¼ğ“ğ“ˆğ“ğ’¶ğ“‚…,0.0,1.0,0.0,filmorette,Transsemarang
36,Sun Apr 21 05:22:48 +0000 2024,0.0,nanya stasiun poncol smp koridor brp transit minn,1.7819164756721746e+18,in,ISTJ-T,0.0,2.0,0.0,ssampaijumpa,Transsemarang
37,Sat Apr 20 11:02:32 +0000 2024,0.0,semarang bingung bus nomer brp petugas arahin sih berhenti dimana,1.7816395829473856e+18,in,,0.0,1.0,0.0,kiddiebeee,Transsemarang
38,Sat Apr 20 02:21:26 +0000 2024,0.0,kak rutenya banyumanik krapyak koridor kak pakai feeder kak,1.7815084458770063e+18,in,"Yogyakarta, Indonesia",0.0,1.0,0.0,Alvianyuwanda19,Transsemarang
39,Fri Apr 19 21:18:51 +0000 2024,0.0,hi klo timoho area sumurboto stationary tu rutenya gmna,1.7814322950036974e+18,in,,0.0,1.0,0.0,narakartaa,Transsemarang
40,Thu Apr 18 04:56:07 +0000 2024,0.0,tolong jelasin rute ciputra mall paragon,1.7808225944361577e+18,in,O6L â€” 17teen â˜…,0.0,1.0,0.0,leicsure,Transsemarang
41,Tue Apr 16 14:00:00 +0000 2024,1.0,malam tny rute st tawang rusunawa undip gmn,1.7802346928698941e+18,in,,0.0,1.0,0.0,maysinhere,Transsemarang
42,Tue Apr 16 12:38:57 +0000 2024,0.0,mohon layanan malam ditambah rutenya penggaron simpang malam malam cari gojek arah penggaron susah banget satunya pilihan harapan trans semarang koridor layanan malam psnggaron,1.7802142967960742e+18,in,,0.0,1.0,0.0,Matthewjadons,Transsemarang
43,Tue Apr 16 07:21:37 +0000 2024,0.0,kayak gini gimana feeder maunya berhenti sesuai palang palangnya ditutupi mobil susah memberhentikan feeder mohon solusinya petugas terkait,1.7801344372312435e+18,in,"Semarang, Jawa Tengah",0.0,0.0,0.0,SebastianMudaa,Transsemarang
44,Tue Apr 16 00:35:19 +0000 2024,0.0,tolong banget mah info rute st tawang terminal penggaron dongg ajaa maaci,1.7800321880184876e+18,in,,0.0,1.0,0.0,mvrlorddle,Transsemarang
45,Sat Apr 13 13:46:51 +0000 2024,0.0,selamat malam nanya uptown mall terminal mangkang brt,1.7791442188728118e+18,in,"Central Java, Indonesia",0.0,1.0,0.0,nxaaryn,Transsemarang
46,Thu Apr 11 05:29:37 +0000 2024,0.0,ac brt transsemarang koridor i diperbaiki,1.7782943106325548e+18,in,first realm,0.0,1.0,0.0,inganggita,Transsemarang
47,Tue Apr 09 01:58:04 +0000 2024,0.0,halo admin tgl april brt feeder beroprasional jam malam,1.7775162972802583e+18,in,"Jember, Jawa Timur",0.0,1.0,0.0,oposehmat,Transsemarang
48,Sun Apr 07 22:58:43 +0000 2024,0.0,pagi melaporkan kejadian bus ac koridor iv tanggal april balaikota cangkiran mohon cek berkala ac bus koridor iv iv iv terima kasih,1.777108775935296e+18,in,Indonesia,0.0,1.0,0.0,Asalia_Li,Transsemarang
49,Sun Apr 07 15:52:03 +0000 2024,1.0,terkoneksi jalur pejalan kaki feeder oper sisemut diturunin banjo feeder langsung nyebrang shelter selanjutny lumayan pdhl aplikasi harusny rutenya,1.7770013988588708e+18,in,Indonesia,0.0,0.0,0.0,lilaazka,Transsemarang
50,Sun Apr 07 06:23:44 +0000 2024,0.0,hai info nya senin mudik godong lwt penggaron armada msh sampe terminal godong kah nya info kmrn godong banjir,1.7768583785742134e+18,in,,0.0,0.0,0.0,diarydia68,Transsemarang
51,Fri Apr 05 10:23:35 +0000 2024,1.0,tolong armadanya diperhatikan berkali kali bus iv ac nya mati kondisi penuh gini ngga pingsan udah syukur banget,1.7761939611343014e+18,in,,0.0,1.0,0.0,saudadeabience,Transsemarang
52,Thu Apr 04 04:44:44 +0000 2024,0.0,haloo tau stasiun poncol undip,1.775746302082749e+18,in,,0.0,1.0,0.0,Lhiyayaaa,Transsemarang
53,Wed Apr 03 12:45:32 +0000 2024,0.0,halo admin koridor bawa koper bus koridor takut ngehalangin penumpang bawa koper tolong terima kasih,1.775504908797829e+18,in,,0.0,1.0,0.0,frreeysia,Transsemarang
54,Wed Apr 03 08:53:33 +0000 2024,0.0,sore kak admin pembayaran non tunainya pakai,1.7754465291108887e+18,in,"Purwokerto, Jateng",0.0,0.0,0.0,bruriekolonel,Transsemarang
55,Tue Apr 02 11:41:30 +0000 2024,0.0,kecamatan ungaran timur stasiun semarang tawang rutenya gimana keberangkatan jam,1.7751264077122112e+18,in,,0.0,1.0,0.0,anisaskies,Transsemarang
56,Tue Apr 02 11:22:22 +0000 2024,0.0,wringin putih kec bergas stasiun semarang tawang rutenya gimana keberangkatan jam perkiraan perjalanan,1.775121593158824e+18,in,Konohagakure,0.0,1.0,0.0,anndaanisa,Transsemarang
57,Sat Mar 30 12:38:02 +0000 2024,0.0,malam mohon info ngaliyan jln gajah mada brt transit nggak makasii,1.774053471437869e+18,in,,0.0,1.0,0.0,oci_hundred,Transsemarang
58,Sat Mar 30 09:55:52 +0000 2024,0.0,halo admin mangkang smp smp mangkang,1.774012662621647e+18,in,Semarang,0.0,1.0,0.0,auliyaans,Transsemarang
59,Thu Mar 28 09:51:40 +0000 2024,0.0,halo koridor abimanyu terboyo,1.7732868281177293e+18,in,akun pusing,0.0,1.0,0.0,haidilaorobber,Transsemarang
60,Thu Mar 28 07:11:47 +0000 2024,0.0,siang baxo bu pudji pamularsih unnes rutenya gmna,1.773246592008524e+18,in,,0.0,1.0,0.0,temanbaikmu111,Transsemarang
61,Wed Mar 27 08:45:51 +0000 2024,0.0,unnes johar rutenya gimanaa,1.7729078777006044e+18,in,,0.0,1.0,0.0,aliasshevrya,Transsemarang
62,Mon Mar 25 03:24:08 +0000 2024,0.0,pagi unnes baxo bu puji pumularsih rutenya gmna,1.7721021382961605e+18,in,,0.0,1.0,0.0,temanbaikmu111,Transsemarang
63,Sun Mar 24 07:36:37 +0000 2024,4.0,salah penggunaan announcer terbaik armada memperkenalkan musik khas daerah bus kota stasiun ka reguler mendengar gambang semarang by dani_pandu,1.7718032890314798e+18,in,Semarang City - ID,0.0,0.0,0.0,FarhanSyafiqF,Transsemarang
64,Sun Mar 24 03:19:09 +0000 2024,1.0,terminal sukun polines rutenya gimana,1.771738495146472e+18,in,,0.0,1.0,0.0,sideofwah,Transsemarang
65,Sat Mar 23 12:15:45 +0000 2024,0.0,hashtag semakinberbenah semakinmelanggar nih feeder melanggar up diam nguawur piye iki,1.7715111480906673e+18,in,,0.0,0.0,0.0,imam_luthfi1,Transsemarang
66,Sat Mar 23 09:43:43 +0000 2024,0.0,sore admin mohon kasih tau rute mangkang roemani,1.7714728895999757e+18,in,Semarang,0.0,1.0,0.0,auliyaans,Transsemarang
67,Sat Mar 23 04:42:32 +0000 2024,0.0,hallo informasi terkait transjatenh yaa terimakasih,1.7713970917153956e+18,in,"Kediri, Jawa Timur",0.0,2.0,0.0,adibahumaida,Transsemarang
68,Sat Mar 23 03:33:33 +0000 2024,0.0,unnes masjid pekojan rutenya gimana,1.771379733739303e+18,in,,0.0,1.0,0.0,temanbaikmu111,Transsemarang
69,Sat Mar 23 02:58:41 +0000 2024,0.0,sman kedungmundu deket unimus ngaliyan square rute nya gimana,1.771370958949065e+18,in,SOLO STAN,0.0,2.0,0.0,injunieO07,Transsemarang
70,Fri Mar 22 11:08:07 +0000 2024,0.0,brt penggaron balaikota jam,1.771131740192744e+18,in,"Semarang, Jawa Tengah",0.0,1.0,0.0,measbluessie_,Transsemarang
71,Fri Mar 22 06:07:38 +0000 2024,0.0,ngaliyan square kota ruteny gimana,1.7710561212620314e+18,in,,0.0,1.0,0.0,celxxn,Transsemarang
72,Thu Mar 21 08:23:23 +0000 2024,2.0,rute brt polines terminal sukun gimana,1.7707278945468216e+18,in,,0.0,1.0,0.0,sideofwah,Transsemarang
73,Wed Mar 20 08:56:47 +0000 2024,0.0,halo armada tujuan mangkang nomor lambung l ac nya problem kondisi armada penuh penumpang semoga lakukan maintenance berkala mohon perhatiannya,1.7703739144743037e+18,in,"Semarang, Jawa Tengah",0.0,1.0,0.0,dariwongkoko,Transsemarang
74,Fri Mar 15 02:12:05 +0000 2024,3.0,info pengalihan arus lintas jl kaligawe raya semaranghebat semarangpemkot semarang semarangsemakinhebat walikotasemarang pemkotsemarang dishubkotasmg dulurdishub pemkotasemarang semarangpemkot,1.7684601296101586e+18,in,Semarang,0.0,3.0,3.0,Dishubkotasmg,Transsemarang
75,Thu Mar 14 03:42:32 +0000 2024,0.0,halo pengalihan rute koridor v berdampak sampe halte wonderia nggak perpustakaan makasih,1.7681205041526664e+18,in,,0.0,2.0,0.0,w_hafff_,Transsemarang
76,Thu Mar 14 01:19:02 +0000 2024,0.0,melohat kondisi brt simpang gaa,1.76808438815862e+18,in,,0.0,1.0,0.0,Onalife_,Transsemarang
77,Wed Mar 13 23:12:16 +0000 2024,1.0,halo fb nggak masuk kokrosono jam nomor fb relatif aman genangan merugikan berangkat kerja,1.7680524880061527e+18,in,Nebula M78,0.0,1.0,0.0,satmahen,Transsemarang
78,Wed Mar 13 21:06:06 +0000 2024,0.0,sorry oot akun bus trans jateng rute plis,1.7680207366048648e+18,in,EXO Planet,0.0,0.0,0.0,indulpr,Transsemarang
79,Wed Mar 13 04:48:20 +0000 2024,1.0,buset jaga feeder halte sultan agung nama sisilia vina galak banget cocok masuk layanan masyarakat gue dluan dateng cepet dilayanin ditindak klo pelayanan kek gini,1.767774671926362e+18,in,"Setia Budi, Indonesia",0.0,1.0,0.0,Serebriumday,Transsemarang
80,Mon Mar 11 00:04:13 +0000 2024,0.0,pagi kak java mall unnes rutenya gimana,1.7669783987428147e+18,in,,0.0,1.0,0.0,usedyme,Transsemarang
81,Sun Mar 10 10:37:18 +0000 2024,0.0,shelter brt card versi pelajar barusan balaikota simpang kosong emg kosong,1.7667753319299318e+18,in,,0.0,1.0,0.0,destyne_e,Transsemarang
82,Sun Mar 10 06:53:09 +0000 2024,0.0,siang kak unnes java mall rutenya gimana,1.7667189208186552e+18,in,,0.0,1.0,0.0,anywmars,Transsemarang
83,Fri Mar 08 02:22:28 +0000 2024,0.0,johar pamularsih tahubaxo pudji baxo pudji pamularsih unnes manaa thanks minn need info asap,1.7659260242510646e+18,in,,0.0,1.0,0.0,dofzx,Transsemarang
84,Fri Mar 08 02:11:38 +0000 2024,0.0,pagi nanya ngaliyan arah undip tembalang naiknya rute takut nyasar mohon bantuannya,1.7659232973453276e+18,in,,0.0,1.0,0.0,heloomii,Transsemarang
85,Fri Mar 08 01:29:32 +0000 2024,0.0,halo met pagi etmin infokan rute mangkang sma sultan agung mataram,1.7659127027935194e+18,in,Semarang,0.0,2.0,0.0,auliyaans,Transsemarang
86,Thu Mar 07 11:22:42 +0000 2024,0.0,mohon maaf nih sauna gimana suhunya ngga kondusif derajat celcius,1.7656995932942628e+18,in,Indonesia,0.0,1.0,0.0,ookakekk,Transsemarang
87,Sat Mar 02 01:23:11 +0000 2024,1.0,brt simpang,1.7637367813952678e+18,in,,0.0,1.0,0.0,Onalife_,Transsemarang
88,Sat Mar 02 01:14:09 +0000 2024,0.0,pagi kak terminal gunung pati halte brt halte brt balaikota pemuda terima kasih,1.763734507440751e+18,in,"Semarang, Jawa Tengah",0.0,1.0,0.0,dewirieka,Transsemarang
89,Wed Feb 28 06:38:12 +0000 2024,0.0,bis turun rs bhayangkara mak jegagik ndak hati kejeblos masuk got pripun niki mbak,1.7627288916789455e+18,in,Semarang,0.0,0.0,0.0,kiswantob,Transsemarang
90,Tue Feb 27 06:46:45 +0000 2024,0.0,jurusan kaeangayu semarang weleri kendal rutenya gmn,1.7623686580710277e+18,in,Indonesia,0.0,1.0,0.0,Anjasatriaa,Transsemarang
91,Sun Feb 25 22:36:45 +0000 2024,0.0,kak trans semarang ungaran sman gunung pati rutenya ngga,1.761882954484372e+18,in,"Semarang, Jawa Tengah",0.0,1.0,0.0,dewirieka,Transsemarang
92,Sun Feb 25 09:38:36 +0000 2024,0.0,halo pinusia park brt kah klo undip kah,1.761687128533353e+18,in,,0.0,3.0,0.0,flovverie,Transsemarang
93,Sat Feb 24 04:20:10 +0000 2024,0.0,siangg dri smp tembalang transit dimana,1.7612446023870426e+18,in,ISTJ-T,0.0,2.0,0.0,ssampaijumpa,Transsemarang
94,Wed Feb 21 14:41:32 +0000 2024,0.0,kasih tau rute ngaliyan indah unnes terima kasih,1.7603138104880868e+18,in,,0.0,1.0,0.0,sereitoonin,Transsemarang
95,Wed Feb 21 08:10:41 +0000 2024,0.0,siang queen city unnes rutenya gmna,1.7602154493741798e+18,in,,0.0,1.0,0.0,temanbaikmu111,Transsemarang
96,Wed Feb 21 06:58:05 +0000 2024,0.0,balaikota rs ketileng rutenya gimana thanks,1.760197181942989e+18,in,Indonesia,0.0,1.0,0.0,Asalia_Li,Transsemarang
97,Wed Feb 21 04:03:44 +0000 2024,0.0,siang nanya rute uin walisongo kota gimana yaa,1.7601533051820155e+18,in,21 but hi!!,0.0,2.0,0.0,kkekke93,Transsemarang
98,Wed Feb 21 03:50:45 +0000 2024,0.0,kak gramedia pandanaran pulang undip,1.7601500371774548e+18,in,Port in a wind,0.0,2.0,0.0,Kaedahura,Transsemarang
99,Wed Feb 21 03:24:52 +0000 2024,0.0,pagi unnes perpus provinsi rutenya gmna,1.760143522886484e+18,in,,0.0,1.0,0.0,temanbaikmu111,Transsemarang
100,Wed Jan 17 00:52:00 +0000 2024,0.0,mbak mohon izin bbrp petugas feeder melayani pembayaran non tunai kuota warga urunan kasihan petugas kadang pakai kuota pribadi,1.7474214784241093e+18,in,,0.0,1.0,0.0,NaniMo6070,Transsemarang
101,Tue Jan 16 08:56:05 +0000 2024,1.0,jelek halo koridor fa manaaaaaaaaaa hey,1.7471809139419955e+18,in,tempat kabur,0.0,2.0,0.0,snowboynonoo,Transsemarang
102,Mon Jan 15 16:55:51 +0000 2024,0.0,hallo rute lm brt semarang beroprasi terimakasih,1.7469392649554988e+18,in,,0.0,1.0,0.0,lili07055643342,Transsemarang
103,Fri Jan 12 07:11:54 +0000 2024,0.0,siang terminal sukun unnes,1.745705141423182e+18,in,,0.0,1.0,0.0,temanbaikmu111,Transsemarang
104,Thu Jan 11 13:23:57 +0000 2024,0.0,ayok ready to bulacan kayaknya,1.745436383244911e+18,in,caratland,0.0,1.0,0.0,chwejengyu,Transsemarang
105,Tue Jan 09 02:33:39 +0000 2024,0.0,rt sobatts informasikan arus lalin pagi seputaran rs tugu arah mangkang mengalami kepadatan imbas proyek peningkatan mutu jalan infolalinelshinta,1.7445479552256456e+18,in,"Jawa Tengah, Indonesia",0.0,0.0,0.0,elshinta_smg,Transsemarang
106,Sat Jan 06 08:45:45 +0000 2024,0.0,info rute brt gayamsari microlibrary warak kayu,1.7435544327748977e+18,in,Indonesia,0.0,1.0,0.0,seasaltcsb,Transsemarang
107,Fri Jan 05 05:30:01 +0000 2024,0.0,halo mangkang bundaran anjasmoro transitnya dimana trimzzzz,1.743142789213459e+18,in,she/her 24y.o,0.0,1.0,0.0,etherealxblue,Transsemarang
108,Fri Jan 05 04:15:34 +0000 2024,0.0,jum at desember apel pagi karyawan karyawati dinas perhubungan kota semarang semaranghebat semarangpemkot semarang semarangsemakinhebat walikotasemarang,1.7431240522676352e+18,in,Semarang,0.0,0.0,0.0,Dishubkotasmg,Transsemarang
109,Fri Jan 05 02:24:01 +0000 2024,0.0,info rute halte lombok ijo onomoto studio kedungmundu,1.7430959805753183e+18,in,,0.0,1.0,0.0,eajsterphile,Transsemarang
110,Thu Jan 04 16:54:19 +0000 2024,0.0,halo rute stasiun poncol bsb,1.7429526110857055e+18,in,across the universe,0.0,1.0,0.0,aqsiapaa,Transsemarang
111,Wed Jan 03 14:44:28 +0000 2024,0.0,masukan koridor armadanya,1.7425575465592916e+18,in,,0.0,1.0,0.0,iam_ucop,Transsemarang
112,Tue Jan 02 09:28:20 +0000 2024,0.0,info rute brt halte agusta pandanaran pantai marina,1.7421155999863565e+18,in,,0.0,1.0,0.0,eajsterphile,Transsemarang
113,Mon Jan 01 16:35:43 +0000 2024,0.0,rute brt terminal sukun ngaliyan gimana,1.7418607654796902e+18,in,"Kota Kediri, Indonesia",0.0,1.0,0.0,luqmaanmhmd,Transsemarang
114,Sun Dec 31 06:16:35 +0000 2023,0.0,rute terminal terboyo halte pandanaran sekitaran gramedia gimana yaa,1.74134256960553e+18,in,,0.0,1.0,0.0,eajsterphile,Transsemarang
115,Sat Dec 30 14:16:20 +0000 2023,0.0,kesehatan modal utama tindakan mas ganjar mencerminkan pemahamannya sektor ganjarmahfud ganjarmahfudmnang lbihbaik,1.7411009139501302e+18,in,Bandung,0.0,0.0,0.0,firmansaptr,Transsemarang
116,Sat Dec 30 12:35:40 +0000 2023,0.0,rute brt stasiun poncol unnes koridor,1.7410755806684938e+18,in,,0.0,1.0,0.0,RIOPSIK,Transsemarang
117,Sat Dec 30 09:21:32 +0000 2023,0.0,halo tolong jelasin rute brt feeder unnes ngaliyan indah terima kasih,1.7410267239391398e+18,in,,0.0,1.0,0.0,sereitoonin,Transsemarang
118,Fri Dec 29 09:32:50 +0000 2023,0.0,halo rute rs panti wilasa mangkang thanks,1.7406671783940224e+18,in,Semarang,0.0,1.0,0.0,auliyaans,Transsemarang
119,Thu Dec 28 10:52:32 +0000 2023,0.0,halo besok terboyo udinus rute nya hehe,1.7403248489526438e+18,in,open  9 am - 12 pm,0.0,1.0,0.0,needyourst,Transsemarang
120,Thu Dec 28 10:07:18 +0000 2023,0.0,sih arah meteseh koridor armadanya ditambah numpuk banget halte simpang sore penuh datengnya huhu,1.7403134673605307e+18,in,Indonesia,0.0,1.0,0.0,hwamissi,Transsemarang
121,Wed Dec 27 15:02:50 +0000 2023,66.0,gini konsepnya amp bus trans jateng trans semarang lawan arah halangi laju ambulance membahayakan pengendara tl citarum infokriminalsemarang,1.7400254525453192e+18,in,Indonesia,2.0,19.0,26.0,Jateng_Twit,Transsemarang
122,Wed Dec 27 04:37:51 +0000 2023,0.0,halo gramedia pandanaran arah bawen trans jateng turun koridor nomor terima kasih,1.7398681699873997e+18,in,,0.0,1.0,0.0,yangnnyeom,Transsemarang
123,Sun Dec 24 04:06:01 +0000 2023,0.0,klo mangkang halte transit dlu nga transit dimana,1.738772993013363e+18,in,,0.0,3.0,0.0,thelifeof_saa,Transsemarang
124,Sun Dec 24 04:00:10 +0000 2023,0.0,rute halte lombok ijo gajahmada cafe ideologist gombel gimana,1.7387715240255204e+18,in,,0.0,1.0,0.0,eajsterphile,Transsemarang
125,Sun Dec 24 02:43:03 +0000 2023,0.0,kekurangan ucapin terima kasih pertahankan kinerja bagus berbenah,1.7387521149799058e+18,in,she/her 22,0.0,1.0,0.0,peacefulhikes,Transsemarang
126,Sat Dec 23 16:22:55 +0000 2023,0.0,malam mohon info simpang pedurungan koridor penggaron,1.7385960560852137e+18,in,,0.0,1.0,0.0,oci_hundred,Transsemarang
127,Sat Dec 23 12:59:45 +0000 2023,0.0,rute tembalang stasiun poncol gimana,1.738544926835782e+18,in,,0.0,1.0,0.0,eitherrx,Transsemarang
128,Sat Dec 23 11:49:58 +0000 2023,0.0,halo tgl armada beroperasi normal terima kasih,1.7385273629235287e+18,in,,0.0,1.0,0.0,greenygrayy,Transsemarang
129,Thu Dec 21 09:33:28 +0000 2023,1.0,halo layanan malam tawang simpang terimakasih,1.737768235356062e+18,in,Di hatimu,0.0,1.0,0.0,ikromzzzzzt,Transsemarang
130,Wed Dec 20 03:19:40 +0000 2023,1.0,hi mo rute indosat dpmall thnks,1.73731177936844e+18,in,Republic of Korea,0.0,1.0,0.0,Racunhunter,Transsemarang
131,Tue Dec 19 04:41:09 +0000 2023,1.0,seneng liat halte brt bbrp diperbaiki layak turun penumpang saran dibikin font bagus haltenya papan bus stop brt proper contoh brt macau cakep,1.7369698964693855e+18,in,"Semarang, Jawa Tengah",0.0,2.0,0.0,akulahREZA,Transsemarang
132,Mon Dec 18 12:43:15 +0000 2023,0.0,warga jakarta ganjar representasi harapan hak asasi manusia dijunjung,1.7367288338550093e+18,in,Kupang,0.0,0.0,0.0,olviasbrnaa,Transsemarang
133,Sun Dec 17 16:49:26 +0000 2023,0.0,halte udinus queen city mall rutenya gimana yaa,1.7364284008968525e+18,in,,0.0,1.0,0.0,princedimplesss,Transsemarang
134,Sun Dec 17 12:53:41 +0000 2023,0.0,poncol unnes rutenya gimana,1.7363690723367035e+18,in,legal!,0.0,2.0,0.0,fikxsi,Transsemarang
135,Sun Dec 17 03:13:00 +0000 2023,0.0,mohon responnya jatenggayeng,1.7362229371944187e+18,in,Indonesia,0.0,0.0,0.0,lilaazka,Transsemarang
136,Sat Dec 16 13:25:26 +0000 2023,0.0,brt unnes undip jam pagi dah belom,1.7360146735381422e+18,in,do not follow! ,0.0,1.0,0.0,unuggiez,Transsemarang
137,Sat Dec 16 01:27:55 +0000 2023,0.0,stasiun poncol patemon arahnya gimana yaa brtnya makasii,1.7358341045230226e+18,in,exoplanet,0.0,2.0,0.0,sejunion,Transsemarang
138,Fri Dec 15 03:25:06 +0000 2023,0.0,bis kah nunggu gerak muter muter terminal bis disebelahnya,1.7355012058274734e+18,in,semarang,0.0,1.0,0.0,ariomalv,Transsemarang
139,Thu Dec 14 12:49:55 +0000 2023,0.0,semarang salatiga brt,1.7352809585455186e+18,in, ic : @Xokikox.,1.0,0.0,0.0,PET1TECORE,Transsemarang
140,Wed Dec 13 19:06:34 +0000 2023,0.0,kartu armada mohon menambah armada feeder apbd kota bekerjasama memberdayakan armada angkot melengkapi armada feeder,1.7350133602222205e+18,in,,0.0,2.0,0.0,jonathan_calvin,Transsemarang
141,Mon Dec 11 03:56:39 +0000 2023,0.0,selamat siang izin rute wonderia puskesmas pandanaran koridor yak terima kasih,1.734059595092652e+18,in,,0.0,1.0,0.0,hllwrss,Transsemarang
142,Sat Dec 09 02:40:55 +0000 2023,0.0,pagi kak mijen pesantren pandanaran rutenya gmna yaa,1.7333157599282217e+18,in,,0.0,1.0,0.0,temanbaikmu111,Transsemarang
143,Fri Dec 08 07:23:16 +0000 2023,0.0,halo terminal gunungpati java supermall rutenya gmn,1.7330244293604966e+18,in,,0.0,1.0,0.0,meoongle,Transsemarang
144,Fri Dec 08 03:26:03 +0000 2023,0.0,selamat pagi stasiun semarang tawang terminal gunung pati rute nya yaa terimakasih lt,1.73296473298926e+18,in,,0.0,1.0,0.0,sepgudayz,Transsemarang
145,Thu Dec 07 01:26:58 +0000 2023,0.0,pagi pusat jl pandanaran unnes rutenya gimana,1.7325723745021996e+18,in,,0.0,1.0,0.0,temanbaikmu111,Transsemarang
146,Tue Dec 05 06:16:41 +0000 2023,0.0,daytrans srondol unnes rutenya gimana,1.7319205088520074e+18,in,,0.0,1.0,0.0,temanbaikmu111,Transsemarang
147,Tue Dec 05 01:37:36 +0000 2023,0.0,halo unnes penggaron rutenya gimana,1.7318502765191706e+18,in,,0.0,2.0,0.0,bahasalala,Transsemarang
148,Tue Dec 05 00:46:53 +0000 2023,0.0,pagi rute brt rusunawa undip stasiun tawang gmn yaa,1.7318375117127967e+18,in,,0.0,1.0,0.0,maysinhere,Transsemarang
149,Sun Dec 03 16:39:17 +0000 2023,0.0,halo icolor gajahmada unnes rutenya gimana,1.731352416224957e+18,in,writer,0.0,1.0,0.0,mintchoff,Transsemarang
150,Sun Dec 03 07:48:49 +0000 2023,2.0,kendaraan pribadi duit segini unit,1.7312189205631716e+18,in,"Kota Surabaya, Jawa Timur",0.0,0.0,0.0,F4uzancox,Transsemarang
151,Sun Dec 03 02:10:06 +0000 2023,0.0,om admin mohon info rs pantiwilasa cipto tlogosari transit dimanakah terima kasih,1.7311336800082703e+18,in,,0.0,1.0,0.0,achiles388,Transsemarang
152,Sun Dec 03 00:43:30 +0000 2023,0.0,unnes menoreh sampangan turunnya halte yaa,1.7311118839383864e+18,in,,0.0,2.0,0.0,temanbaikmu111,Transsemarang
153,Sat Dec 02 06:36:38 +0000 2023,0.0,info rute taman tirto agung halte sma,1.7308383678171261e+18,in,do not ss,0.0,1.0,0.0,kewntod,Transsemarang
154,Sun Nov 05 01:57:49 +0000 2023,0.0,halte karangnongko a jurusan mangkang penggaron udah situ kemarin proyek gabisa situ,1.7209837284016172e+18,in,,0.0,1.0,0.0,monocreame_,Transsemarang
155,Sat Nov 04 12:28:29 +0000 2023,2.0,dear admin rute polines tembalang museum ranggawarsita besok pagi jam cfd gimana,1.7207800501178575e+18,in,,0.0,1.0,0.0,iniandiniajaa,Transsemarang
156,Sat Nov 04 07:55:46 +0000 2023,0.0,rute kota tua banyumanik gimana,1.72071141871308e+18,in,,0.0,1.0,0.0,putrisjz,Transsemarang
157,Sat Nov 04 01:05:11 +0000 2023,0.0,mangkang roemani terdekat turun makasih,1.7206080930278564e+18,in,,0.0,1.0,0.0,mienraiss,Transsemarang
158,Fri Nov 03 09:03:13 +0000 2023,0.0,halte ivet lombok ijo gajahmada rute nya gmn,1.7203660086770447e+18,in,,0.0,1.0,0.0,eajsterphile,Transsemarang
159,Wed Nov 01 23:20:33 +0000 2023,0.0,tolong banget mah koridor ditambah armada balikkin rute jarak interval armada pendekkin merugikan banget penumpang mayoritas mahasiswa kelas pagi jam telat,1.7198569879100662e+18,in,Semarang,0.0,1.0,0.0,auliyaans,Transsemarang
160,Mon Oct 30 09:41:48 +0000 2023,0.0,aplikasi nya error,1.7189261643483346e+18,in,,0.0,1.0,0.0,_anatera,Transsemarang
161,Sun Oct 29 07:38:14 +0000 2023,0.0,halo unnes dpd golkar rutenya gimana,1.718532682358149e+18,in,writer,0.0,1.0,0.0,mintchoff,Transsemarang
162,Sun Oct 29 06:18:55 +0000 2023,0.0,halo bakmie serangkai veteran hotel gumaya rutenya gimana,1.7185127178275886e+18,in,writer,0.0,1.0,0.0,mintchoff,Transsemarang
163,Sat Oct 28 01:05:20 +0000 2023,1.0,rute brt unnes candi songo gimana yaks,1.7180714150843108e+18,in,,0.0,2.0,0.0,catasthropics,Transsemarang
164,Fri Oct 27 06:35:26 +0000 2023,0.0,setuju sm omongan kasino ganjar deh tuh perhatian banget rakyat,1.7177921011262508e+18,in,Manado,0.0,0.0,0.0,AndiFarhannn,Transsemarang
165,Wed Oct 25 03:30:12 +0000 2023,0.0,halo toko merekah unnes rutenya gimana,1.7170207111126513e+18,in,writer,0.0,1.0,0.0,mintchoff,Transsemarang
166,Tue Oct 24 15:03:40 +0000 2023,3.0,halo terboyo gubug mang engking ungaran cepat turun sisemut gojek alternatif,1.7168328397136243e+18,in,Demak - Baturaja,0.0,1.0,0.0,anangkomarroni,Transsemarang
167,Tue Oct 24 08:50:35 +0000 2023,1.0,halo lapor bus mangkang penggaron gps nyala nunggu halte imam bonjol ngga dateng dah,1.7167389467078866e+18,in,semarang,0.0,1.0,0.0,ariomalv,Transsemarang
168,Tue Oct 24 05:51:44 +0000 2023,0.0,halo admin selamat siang rute unnes pgsd unnes gmn,1.7166939397288755e+18,in,random acc,0.0,1.0,0.0,bucinjaeminn,Transsemarang
169,Tue Sep 26 14:18:45 +0000 2023,0.0,rute brt unnes terminal sukun gimana,1.7066746755046198e+18,in,,0.0,1.0,0.0,laughingfoxt,Transsemarang
170,Tue Sep 26 03:35:57 +0000 2023,1.0,lho ngga selesai selesai sih pembetonan jalannya bis bis error jadwalnya nunggu penggaron jam,1.7065129091684275e+18,in,semarang,0.0,1.0,0.0,ariomalv,Transsemarang
171,Tue Sep 26 01:19:39 +0000 2023,1.0,undip pleburan undip tembalang gmn yah thx sblumnya,1.7064786071185984e+18,in,,0.0,1.0,0.0,egktauwT___T,Transsemarang
172,Mon Sep 25 02:12:42 +0000 2023,0.0,mim info rute halte imam barjo halte terdekat smk grafika banyumanik,1.7061295693283333e+18,in,ğ“¼ğ“ğ“ˆğ“ğ’¶ğ“‚…,0.0,1.0,0.0,filmorette,Transsemarang
173,Sun Sep 24 00:24:44 +0000 2023,0.0,bikin kartu brt balaikota kartu brt pelajar syarat dibawa oiya menit bikin kartunya,1.705740010342032e+18,in,,0.0,1.0,0.0,anelieor,Transsemarang
174,Sat Sep 23 12:01:33 +0000 2023,0.0,cdm terima kasih,1.705552985076687e+18,in,,0.0,0.0,0.0,sentamour,Transsemarang
175,Sat Sep 23 05:03:11 +0000 2023,0.0,turun thamrin city shelter terdekat ojol gapapa berhenti shelter terdekat,1.7054476979086461e+18,in,read carrd byf. || 20+,0.0,1.0,0.0,scorpiuslino,Transsemarang
176,Tue Sep 19 10:59:54 +0000 2023,59.0,transformasi trans semarang sesuai riset bus unit unit koridor utama koridor koridor penumpang selamat hut,1.7040879190558395e+18,in,Jakarta Capital Region,9.0,1.0,18.0,insanridho,Transsemarang
177,Tue Sep 19 07:30:50 +0000 2023,0.0,halo admin pengaduan membeli tiket brt balaikota selasa september orang petugas bernama sdri devarasya sdri yulina melayani ramah sopan,1.7040353019777152e+18,in,,0.0,1.0,0.0,hotchokoreeto,Transsemarang
178,Tue Sep 19 02:18:16 +0000 2023,0.0,iseng cek ahmad yani klipang widih ngeri banget rutenya ngga langsung sih,1.703956642277335e+18,in,semarang,0.0,1.0,0.0,ariomalv,Transsemarang
179,Fri Sep 15 07:59:43 +0000 2023,0.0,permisi hotel mg setos hotel semarang rsu ungaran naiknya halte turunnya halte yaa terima kasih,1.7025930213790356e+18,in,Purwodadi,0.0,1.0,0.0,wndksmaa,Transsemarang
180,Thu Sep 14 08:28:53 +0000 2023,0.0,halo jelasin rute st tawang unnes pemberangkatan terakhirnya jam terima kasih d,1.7022379730881905e+18,in,,0.0,1.0,0.0,sereitoonin,Transsemarang
181,Sun Sep 10 05:00:58 +0000 2023,0.0,om admin mohon informasi minggu tarif anak kia tunai,1.7007360994492296e+18,in,,0.0,1.0,0.0,achiles388,Transsemarang
182,Thu Aug 24 08:36:46 +0000 2023,0.0,halte rsi perpusda jateng bus koridor,1.6946298114305597e+18,in,negeri entah brantah,0.0,1.0,0.0,misroppadit,Transsemarang
183,Tue Aug 22 03:07:26 +0000 2023,0.0,cangkiran stasiun poncol rutenya gimana yaa makasihh,1.6938221547423706e+18,in,,0.0,1.0,0.0,parkjimingurl,Transsemarang
184,Mon Aug 21 08:10:27 +0000 2023,0.0,koridor johar sampangan arah halte halte elizabeth transit dimana transit gitu bayar terima kasih,1.693536026919359e+18,in,,0.0,1.0,0.0,peachyspoem,Transsemarang
185,Mon Aug 21 08:07:04 +0000 2023,0.0,halte imam bardjo langsung tanah putih,1.6935351754923748e+18,in,do not ss,0.0,2.0,0.0,kewntod,Transsemarang
186,Sun Aug 20 06:43:57 +0000 2023,0.0,info rute rusunawa undip sampe halte tanah putih,1.6931518672815434e+18,in,do not ss,0.0,1.0,0.0,kewntod,Transsemarang
187,Sun Aug 20 01:49:58 +0000 2023,0.0,brt jalan talang bengkok patemon jalan ngesrep tim sumurboto batik benang ratu gimana yaa,1.693077885714903e+18,in,exoplanet,0.0,1.0,0.0,sejunion,Transsemarang
188,Thu Aug 17 14:15:53 +0000 2023,0.0,transit trans jateng bawen poltekkes pedurungan naiknya koridor tetep kah,1.692178439011517e+18,in,campur rant acc,0.0,1.0,0.0,pacarfourth,Transsemarang
189,Wed Aug 16 04:47:43 +0000 2023,0.0,halo nanya terminal penggaron halte transit rencananya feeder penggaron dilanjutkan brt penggaron mangkang terima kasih,1.6916730668192604e+18,in,"Semarang, Jawa Tengah",0.0,1.0,0.0,hazelnutaddict,Transsemarang
190,Tue Aug 15 17:47:54 +0000 2023,0.0,halo sekaran unnes cempakasari tujuan pollux paragon balaikota gmn rutenyaa,1.6915070199316849e+18,in,,0.0,3.0,0.0,unprettyboy7,Transsemarang
191,Mon Aug 14 11:02:03 +0000 2023,0.0,bis koridor jam segini,1.6910424934948536e+18,in,"Jawa Tengah, Indonesia",0.0,1.0,0.0,yourfavshawl,Transsemarang
192,Mon Aug 14 09:59:08 +0000 2023,0.0,halo rute stasiun semarang tawang pasar karangjati oper koridor,1.6910266626481316e+18,in,,0.0,1.0,1.0,jjnolly,Transsemarang
193,Mon Aug 14 00:34:28 +0000 2023,0.0,senin buru udah jam dapet brt eh koridor numpuk disitu,1.69088455697365e+18,in,,0.0,1.0,0.0,hwanniyaa,Transsemarang
194,Sun Aug 13 10:11:46 +0000 2023,0.0,hai rute brt stasiun poncol undip naiknya brt sebrang stasiun makasii,1.6906674536538767e+18,in,she/her,0.0,2.0,0.0,17CHIILL,Transsemarang
195,Sun Aug 13 06:17:04 +0000 2023,0.0,stop brt halte tanah putih jam rute halte tanah putih gedung vokasi undip tembalang pp,1.69060838824439e+18,in,ğ“¼ğ“ğ“ˆğ“ğ’¶ğ“‚…,0.0,1.0,0.0,filmorette,Transsemarang
196,Sat Aug 12 14:44:51 +0000 2023,0.0,etmin nanyaa dungs undip java mall pake rutenyaa pake manaa yaa,1.6903737871944786e+18,in,,0.0,2.0,0.0,oshsthetic,Transsemarang
197,Sat Aug 12 04:38:45 +0000 2023,0.0,halte kesatrian halte sd pedalangan gimana,1.6902212602766623e+18,in,"Jawa Tengah, Indonesia",0.0,1.0,0.0,yourfavshawl,Transsemarang
198,Sat Aug 12 03:44:17 +0000 2023,0.0,halo info brt poncol akpol makasih,1.690207553433768e+18,in,,0.0,1.0,0.0,lavernaaaaa,Transsemarang
199,Tue Jul 18 12:40:22 +0000 2023,0.0,hai upgris gajah bringin feeder trs pindah brt nnti transit turun dmn yah,1.681282765118128e+18,in,Republic of Korea,0.0,1.0,0.0,Racunhunter,Transsemarang
200,Tue Jul 18 01:43:14 +0000 2023,0.0,hi brt arah cangkiran superindo ngaliyan halte terdekatnya dimana tia,1.6811173923978035e+18,in,she/her 24y.o,0.0,1.0,0.0,etherealxblue,Transsemarang
201,Sun Jul 16 06:40:13 +0000 2023,0.0,lokasi jalan ki mangunsarkoro trs brt halte ahmad yani tujuannya turun brt damri mpu tantular gimana rute naiknyaaa thank youu,1.6804673557203804e+18,in,she/her,0.0,1.0,0.0,dsyrouges,Transsemarang
202,Sat Jul 15 23:15:18 +0000 2023,0.0,kedungmundu cfd turunnya dimana,1.6803553893371412e+18,in,,0.0,1.0,0.0,onejseoul,Transsemarang
203,Sat Jul 15 12:16:54 +0000 2023,0.0,minggu koridor ngelewatin sma,1.6801896953624945e+18,in,kwangya,0.0,1.0,0.0,echanitsme,Transsemarang
204,Fri Jul 14 08:59:22 +0000 2023,0.0,semoga istiqomah ngebis pke transportasi publik utama biar bs tidur,1.6797775964716564e+18,in,semarang,0.0,0.0,1.0,akhriyadisofian,Transsemarang
205,Thu Jul 13 02:10:21 +0000 2023,0.0,terminal sisemut the park gmn rutenya thx sblmnya,1.679312275545686e+18,in,,0.0,1.0,0.0,egktauwT___T,Transsemarang
206,Wed Jul 12 16:16:05 +0000 2023,0.0,klo mangkang kesini transit dlu daerah ngaliyan,1.6791627263530803e+18,in,,0.0,1.0,0.0,thelifeof_saa,Transsemarang
207,Mon Jul 10 02:37:40 +0000 2023,0.0,drivernya stay tune rdi semarang,1.6782319855029453e+18,in,"Pati, Indonesia",0.0,0.0,1.0,pambudiPati,Transsemarang
208,Sun Jul 09 08:11:19 +0000 2023,0.0,diterapkan salah mall kota semarang tentrem kayaknya emang kelewat mahal sepi sepi it s dp mall ndak sih disitu kasih halte kesambung dp mall enak,1.6779535639040492e+18,in,Semarang City - ID,1.0,1.0,0.0,FarhanSyafiqF,Transsemarang
209,Sat Jul 08 06:45:30 +0000 2023,1.0,anak transportasi untung,1.6775695830736118e+18,in,Semarang - Cilacap,0.0,0.0,0.0,hidayahmuslih,Transsemarang
210,Thu Jul 06 02:48:13 +0000 2023,0.0,alternatif ungaran simpanglima transit kagok g nunggu arah simpanglima jam lho,1.676785089295024e+18,in,Indonesia,0.0,1.0,0.0,lilaazka,Transsemarang
211,Thu Jul 06 01:15:32 +0000 2023,0.0,ijin ngasih masukan arah ungaran jam pulang sore mohon diperbanyak armadanya soalny padet arah ungaran jalannya,1.6767617648585933e+18,in,Indonesia,0.0,1.0,0.0,lilaazka,Transsemarang
212,Thu Jul 06 00:16:23 +0000 2023,0.0,halte tanah putih undip pleburan rutenya gimana,1.676746879663743e+18,in,ğ“¼ğ“ğ“ˆğ“ğ’¶ğ“‚…,0.0,1.0,0.0,filmorette,Transsemarang
213,Wed Jul 05 02:32:54 +0000 2023,0.0,halte tanah putih undip tembalang rute nya gimana,1.6764188471786578e+18,in,ğ“¼ğ“ğ“ˆğ“ğ’¶ğ“‚…,0.0,1.0,0.0,filmorette,Transsemarang
214,Tue Jul 04 11:09:40 +0000 2023,2.0,turun jalan telaga bodas karangrejo gajahmungkur turun halte,1.6761865080999772e+18,in,"Semarang, Jawa Tengah",0.0,3.0,0.0,sepertiterang,Transsemarang
215,Sat Jul 01 03:44:16 +0000 2023,0.0,halte simpang dibuka jam yaa,1.6749872555875533e+18,in,,0.0,1.0,0.0,inimoofi,Transsemarang
216,Fri Jun 30 18:35:54 +0000 2023,1.0,bangga semarang kota wilayahnya perbukitan turun jalanya kota tepi laut bersyukur memfasilitasi bayar rb,1.67484925512584e+18,in,Semarang,0.0,0.0,0.0,IamMissYusuf,Transsemarang
217,Thu Jun 29 15:53:39 +0000 2023,0.0,seneng perkembangannya ngerasain ts jaman cm koridor sampe skrg bs keliling smg amp ngerasain model halte jadul smpe ac nya walo kerasa ngerasain kartu ts jg bayar pake e wallet,1.6744460365831987e+18,in,,0.0,0.0,0.0,ceritaVin,Transsemarang
218,Wed Jun 28 22:27:41 +0000 2023,0.0,pr ngebul acnya ayo servis neh evaporatore,1.6741828110732739e+18,in,,0.0,0.0,0.0,Fasyanow,Transsemarang
219,Thu May 25 06:03:15 +0000 2023,0.0,btw halte undip diganti menyesuaikan koridor pintu rendah,1.6616138826481828e+18,in,,0.0,1.0,0.0,Hoshiides,Transsemarang
220,Wed May 24 14:42:01 +0000 2023,0.0,halo citraland unnes brt koridor,1.6613820477120266e+18,in,,0.0,1.0,0.0,anywmars,Transsemarang
221,Tue May 23 09:20:44 +0000 2023,0.0,klo turun halte bangkong sedes balaikota bis,1.6609388043652588e+18,in,,0.0,1.0,0.0,grcorgrace,Transsemarang
222,Tue May 23 04:59:48 +0000 2023,0.0,rute elisabeth via telkom bis beroperasi aplikasi bis terdekat menungg,1.6608731401747415e+18,in,,1.0,1.0,0.0,syaneendita,Transsemarang
223,Tue May 23 02:23:38 +0000 2023,0.0,bluesky naiknya koridor,1.6608338377678848e+18,in,,0.0,1.0,0.0,anelieor,Transsemarang
224,Mon May 22 09:03:20 +0000 2023,0.0,aplikasi eror yaa,1.6605720371975004e+18,in,,0.0,1.0,0.0,grcorgrace,Transsemarang
225,Sat May 20 04:46:03 +0000 2023,4.0,spot favorit alya duduk kursi,1.6597825169146757e+18,in,"Gresik, Indonesia",0.0,1.0,0.0,pramudyaarif90,Transsemarang
226,Fri May 19 10:22:47 +0000 2023,0.0,setuju tolong dipertimbangkan,1.6595048696388076e+18,in,,0.0,0.0,0.0,notsoyancy,Transsemarang
227,Thu May 18 22:41:27 +0000 2023,0.0,aplikasi error bs lihat rute bus feedernya,1.6593283717829878e+18,in,"Central Java, Indonesia",0.0,1.0,0.0,ChristianBudiC,Transsemarang
228,Thu May 18 02:39:44 +0000 2023,0.0,halo rute timoho transmart setiabudi gimana makasih,1.6590259501585244e+18,in,,0.0,1.0,0.0,jeonmwonwoo,Transsemarang
229,Wed May 17 01:17:22 +0000 2023,0.0,terminal mangkang museum kota rute nya gimana,1.6586428360054702e+18,in,Kendal ,0.0,1.0,0.0,novita_siswo,Transsemarang
230,Sat May 13 09:27:38 +0000 2023,0.0,brt koridor penggaron mangkang beroperasi jam,1.6573166606159913e+18,in,,0.0,2.0,0.0,nochuwaifeu,Transsemarang
231,Sat May 13 05:09:48 +0000 2023,0.0,hai brt halte pasar bandarjo arah stasiun tawang brt koridor terima kasih,1.6572517782772777e+18,in,,0.0,1.0,0.0,quiteorks,Transsemarang
232,Fri May 12 00:23:06 +0000 2023,0.0,halte terminal mangkang daerah smp n semarang rute nya gimana,1.656817239570645e+18,in,Kendal ,0.0,1.0,0.0,novita_siswo,Transsemarang
233,Thu May 11 10:03:22 +0000 2023,0.0,tsm setiabudi s rutenya gimana rute baliknya terima kasih,1.6566008784120996e+18,in,kwangya,0.0,2.0,0.0,echanitsme,Transsemarang
234,Wed May 10 23:24:45 +0000 2023,0.0,tutorial brt undip udinus gimana,1.656440166272344e+18,in,,0.0,1.0,0.0,gutlyfe,Transsemarang
235,Wed May 10 02:55:36 +0000 2023,0.0,pagi kak undip pleburan undip tembalang rutenya kak,1.6561308420188692e+18,in,,0.0,1.0,0.0,yourfutyuree,Transsemarang
236,Wed May 10 02:31:14 +0000 2023,0.0,transit kagok feeder arah undip turun halte terdekat fakultas peternakan amp pertanian terimakasiii,1.6561247099044495e+18,in,non labeled,0.0,1.0,0.0,desembrer,Transsemarang
237,Wed May 10 01:20:04 +0000 2023,0.0,pagi kak pergi stasiun tawang pleburan rutenya kak,1.6561067997650289e+18,in,,0.0,1.0,0.0,yourfutyuree,Transsemarang
238,Sat Apr 22 23:52:15 +0000 2023,0.0,terminal banyumanik cl transitnya dimana,1.649924106362704e+18,in,hellevator,0.0,1.0,0.0,northlevanter,Transsemarang
239,Wed Apr 19 04:18:33 +0000 2023,0.0,halte gerbang unnes simpang plaza rutenya,1.6485415715523625e+18,in,,0.0,2.0,0.0,lewviousa,Transsemarang
240,Mon Apr 17 00:02:17 +0000 2023,4.0,display nya udah statis rolling,1.6477523018248356e+18,in,"Jakarta, Indonesia",0.0,0.0,1.0,qronoz,Transsemarang
241,Sun Apr 16 10:34:21 +0000 2023,43.0,ujicoba penarikan papan penunjuk arah fisik unit bus kor nomor iv iv iv iv iv pengganti led display diset menunjukan arah bus statis meningkatkan visibilitas pnp petugas halte,1.647548981654999e+18,in,"Kota Semarang, Kab. Banyumas",4.0,2.0,9.0,TransportforSMG,Transsemarang
242,Sat Apr 15 21:32:56 +0000 2023,0.0,yok yok ngadain lajur khusus bus minimal daerah segitiga emas semarang salah lho jalanan dah macet bus rajin nempel,1.6473523318419743e+18,in,"Semarang, Jawa Tengah",0.0,0.0,0.0,kertanegara_133,Transsemarang
243,Mon Apr 10 23:42:50 +0000 2023,1.0,td pagi ak disuruh ngisi kuisioner sm masÂ² brt trs ak blg mas blh request halte brt poltekkes tembalang trs mas nya blh nnti diajuin wkwkwkw semoga yh tolong kabulin sy cape jln kaki kampus kecamatan,1.6455730810906255e+18,in,,0.0,2.0,0.0,thecutenessppl,Transsemarang
244,Sat Apr 08 10:28:35 +0000 2023,30.0,banggakan pengguna aplikasinya mantap tracking aktual posisi bus trans jakarta blm wkwk,1.6446484272367534e+18,in,"Gresik, Indonesia",2.0,5.0,11.0,pramudyaarif90,Transsemarang
245,Wed Apr 05 10:32:57 +0000 2023,3.0,w barusan pulang ngampus brt trs pas beli tiket dompet w ketinggalan r demhim panik w sdgkn tu bisnya dh mw nyampe trs mas nya bilang mba tiketnya beliin gpp plg cm seribu doang mba nya pulang rmh,1.6435623616080978e+18,in,,0.0,1.0,0.0,thecutenessppl,Transsemarang
246,Tue Apr 04 09:46:57 +0000 2023,0.0,minbus linkaja dipake pembayaran tiket,1.6431883975012065e+18,in,Nusantara,1.0,2.0,0.0,aswidhafm,Transsemarang
247,Sun Apr 02 05:12:43 +0000 2023,1.0,feeder cakep bener dah anw request donk armada diperbarui pp genuk unnes liat ngalamin armada trouble nyaman huft,1.642394606741627e+18,in,Heaven,0.0,0.0,0.0,Arsonist_Hope,Transsemarang
248,Sun Apr 02 04:12:27 +0000 2023,2.0,nder jujur pengen banget lho kayak layanan bus malem jam berangkat bukber pake bus pulang bukbernya pesen ojol dijemput bukber selesainya jam mesti haha hihi,1.6423794412582707e+18,in,"Semarang, Jawa Tengah",0.0,1.0,0.0,kertanegara_133,Transsemarang
249,Sun Apr 02 01:52:58 +0000 2023,0.0,haloo mangkang mall the park shelter terdekat transitnya dimana thx u,1.6423443395726705e+18,in,she/her 24y.o,0.0,1.0,0.0,etherealxblue,Transsemarang
250,Sat Apr 01 10:09:13 +0000 2023,7.0,malas bepergian motor sarankan fedeer brt,1.6421068369996186e+18,in,,1.0,1.0,2.0,xenannda,Transsemarang
251,Thu Mar 30 06:42:48 +0000 2023,3.0,siang ijin brt jl setiabudi halte samping hotel plaza tujuannya arah uptown mall bsbcity rutenya terimakasih,1.6413301144736522e+18,in,Semarang,0.0,1.0,0.0,SenoJodi,Transsemarang
252,Wed Mar 29 07:16:24 +0000 2023,0.0,halo koridor tujuan unnes rsnd jam bus beroperasi,1.6409761841452155e+18,in,,0.0,1.0,0.0,frreeysia,Transsemarang
253,Tue Mar 28 21:48:02 +0000 2023,2.0,halo info rute arah bawen simpang,1.6408331480902e+18,in,"Semarang, Jawa Tengah",0.0,1.0,1.0,Di_Rajasa,Transsemarang
254,Sun Mar 26 23:01:41 +0000 2023,0.0,permisi info rute superindo gajahmungkur ramai swalayan kembangarum,1.6401269081795543e+18,in,,0.0,1.0,0.0,Zuurietto,Transsemarang
255,Sun Mar 26 07:44:18 +0000 2023,0.0,halte balaikota beroprasi gabisa turun halte balaikota,1.6398960407521853e+18,in,,0.0,1.0,0.0,inimoofi,Transsemarang
256,Sat Mar 25 02:44:56 +0000 2023,0.0,minnn klipang feeder turun rs bus prpp bayar engga,1.63945831362372e+18,in,,0.0,1.0,0.0,OOOOO2AM,Transsemarang
257,Thu Mar 23 20:50:05 +0000 2023,0.0,selamat pagii unnes genuk rutenya gimana yaa terimakasiiii,1.6390066253264118e+18,in,,0.0,1.0,0.0,piwcious,Transsemarang
258,Wed Mar 08 07:09:36 +0000 2023,0.0,om admin mohon informasi shelter transit k fb terima kasih,1.6333643244703662e+18,in,,0.0,1.0,0.0,achiles388,Transsemarang
259,Tue Mar 07 02:37:54 +0000 2023,0.0,bus koridor iv arah cangkiran jam rencana halte goori rs permata medika ngaliyan terminal cangkiran thanks,1.6329335649029489e+18,in,Indonesia,0.0,1.0,0.0,Asalia_Li,Transsemarang
260,Mon Mar 06 07:26:06 +0000 2023,0.0,lokasi bis app trans semarang kedeteksi,1.6326437022074225e+18,in,do not follow w/o consent.,0.0,1.0,0.0,ex4ms,Transsemarang
261,Sat Mar 04 10:57:33 +0000 2023,0.0,om admin mohon informasi halte transit jl tentara pelajar kor feeder a trims,1.6319721421737902e+18,in,,0.0,1.0,0.0,achiles388,Transsemarang
262,Sat Mar 04 10:35:24 +0000 2023,0.0,admin tri lomba juang halte udinus koridor makasii,1.631966567759229e+18,in,"Seoul, Republic of Korea",0.0,1.0,0.0,mdanseu,Transsemarang
263,Fri Mar 03 02:25:32 +0000 2023,0.0,pagi favehotel diponegoro semarang mangkang koridor transit halte makasih mint,1.6314808996102226e+18,in,"Cilacap, Jawa Tengah",0.0,1.0,0.0,khafidz_02,Transsemarang
264,Wed Mar 01 13:00:59 +0000 2023,0.0,rute rsi stadion jatidiri koridor terima kasih,1.6309160414456054e+18,in,negeri entah brantah,0.0,2.0,0.0,misroppadit,Transsemarang
265,Sun Feb 26 04:01:21 +0000 2023,0.0,nanya rute terminal mangkang unnes makasih,1.6296930720063406e+18,in,,0.0,1.0,0.0,aliasshevrya,Transsemarang
266,Sat Feb 25 02:04:14 +0000 2023,0.0,pagi perumahan jaya terminal sukun pake brt ngga,1.629301211685077e+18,in,,0.0,0.0,0.0,hearttoruto,Transsemarang
267,Thu Feb 23 02:43:45 +0000 2023,0.0,halo bus penggaron arah mangkang jam,1.628586380132774e+18,in,18' entp/esfp,0.0,1.0,0.0,mostuday,Transsemarang
268,Tue Feb 21 10:45:09 +0000 2023,0.0,lapor botol minum tertinggal halte marina mohon diamankan barangkali nyariin,1.627982752451793e+18,in,Nebula M78,0.0,1.0,0.0,satmahen,Transsemarang
269,Sat Feb 18 22:38:18 +0000 2023,0.0,dear stasiun tawang pemuda koridor,1.627075060342354e+18,in,"Kota Surabaya, Jawa Timur",0.0,1.0,0.0,sn6eq_satria,Transsemarang
270,Fri Feb 17 03:34:01 +0000 2023,0.0,halte rsi dp mall koridor,1.626424704033788e+18,in,negeri entah brantah,0.0,1.0,0.0,misroppadit,Transsemarang
271,Thu Feb 16 10:33:14 +0000 2023,1.0,sore koridor a no lambung menolak alasan cuman berenti buka pintu ngga nurunin mas ticketinynya ngomong mas bis nya posisi ngga penuh orang berdiri gaada total,1.6261678141419233e+18,in,Indonesia,0.0,1.0,0.0,ookakekk,Transsemarang
272,Thu Feb 16 06:39:45 +0000 2023,1.0,tolong pegangan tangan bus trayek unnes undip diturunin dikit mosok pegangannya harapan orang tua padaku alias gabisa raih plus peremajaan armada panas acnya dah dingin,1.6261090584230912e+18,in,Semarang,0.0,1.0,0.0,auliyaans,Transsemarang
273,Thu Feb 16 01:45:49 +0000 2023,0.0,admin halte rsi prpp maerakaca gmn,1.6260350882565448e+18,in,"Central Java, Indonesia",0.0,2.0,0.0,luvicecreamy,Transsemarang
274,Mon Feb 13 11:55:03 +0000 2023,0.0,malem st poncol perumahan jaya gimana,1.6251012417298145e+18,in,,0.0,1.0,0.0,hearttoruto,Transsemarang
275,Mon Feb 13 07:14:49 +0000 2023,0.0,feeder majapahit jaya,1.6250307186394604e+18,in,,0.0,1.0,0.0,OOOOO2AM,Transsemarang
276,Mon Feb 13 03:00:26 +0000 2023,0.0,hai admin kartu tap cash bÏ€i brt tap cash bÏ€i semarang hebat,1.6249666990816748e+18,in,ğŸ‡®ğŸ‡©,0.0,1.0,0.0,pixxiechany,Transsemarang
277,Sun Feb 12 10:37:19 +0000 2023,0.0,busmin informasi apapun kolom informasi salah tweet nya mimin udah kayak kosongan gini,1.6247192891012096e+18,in,Nusantara,0.0,0.0,0.0,aswidhafm,Transsemarang
278,Sat Feb 11 02:50:14 +0000 2023,0.0,info kaligawe genuk banjir kak motor mobil,1.624239356902019e+18,in,semarang,0.0,1.0,0.0,rasyarini,Transsemarang
279,Wed Feb 08 13:53:45 +0000 2023,0.0,unnes gramedia gimana maaf nanya makasih,1.623319173500928e+18,in,,0.0,2.0,0.0,aliasshevrya,Transsemarang
280,Tue Feb 07 02:07:55 +0000 2023,0.0,superindo kedungmundu unnes,1.6227791576494572e+18,in,,0.0,1.0,0.0,hyaayuuk,Transsemarang
281,Mon Feb 06 09:27:40 +0000 2023,1.0,rute unnes paragon gimana terima kasih,1.622527433919578e+18,in,,0.0,1.0,0.0,aliasshevrya,Transsemarang
282,Sat Feb 04 01:58:30 +0000 2023,1.0,pagi mengajak anak prpp semarang moda transportasi relasi meteseh prpp kalinya bus ac nya berfungsi menjaga kebersihan ijin mohon dievaluasi,1.6216896237507748e+18,in,"Jakarta Timur, DKI Jakarta",0.0,2.0,0.0,89Anjas,Transsemarang
283,Wed Feb 01 07:17:09 +0000 2023,1.0,beroprasi,1.6206826521762243e+18,in,,0.0,1.0,0.0,sylvermixst,Transsemarang
284,Tue Jan 31 08:30:18 +0000 2023,0.0,brt klo sore emg yh mint,1.620338673484202e+18,in,,0.0,2.0,0.0,esaraea,Transsemarang
285,Sun Jan 29 09:06:12 +0000 2023,0.0,sore kak stasiun poncol unnes transit nya dimana,1.6196229313317028e+18,in,,0.0,1.0,0.0,anywmars,Transsemarang
286,Sun Jan 29 01:13:17 +0000 2023,4.0,untung armada feeder nunggu yeaay,1.6195039194194944e+18,in,Indonesia,0.0,0.0,0.0,bluepen,Transsemarang
287,Sat Jan 28 15:09:41 +0000 2023,0.0,hai busmin koridor malam arah mangkang simpang kah udah buka buka rute malem terimakasih jawabannya,1.619352016115073e+18,in,Nusantara,0.0,1.0,0.0,aswidhafm,Transsemarang
288,Fri Jan 27 09:22:11 +0000 2023,0.0,halo admin halte terminal terboyo elisabeth jam,1.6189021789698458e+18,in,"Kota Semarang, Jawa Tengah",0.0,1.0,0.0,Osakaasahi,Transsemarang
289,Fri Jan 27 05:10:19 +0000 2023,0.0,rute brt unnes java mall gimana yaa,1.618838793246896e+18,in,,0.0,0.0,0.0,anthonyypray,Transsemarang
290,Thu Jan 26 22:20:43 +0000 2023,0.0,nanya nggak feeder berhenti halte pasar gayamsari,1.618735715764011e+18,in,,0.0,1.0,0.0,OOOOO2AM,Transsemarang
291,Mon Jan 09 16:33:24 +0000 2023,0.0,aplikasinya crash pas cari rute bener apps ngebantu bangettt,1.6124877166248305e+18,in,limbo,0.0,0.0,0.0,jemzamanda,Transsemarang
292,Mon Jan 09 13:23:37 +0000 2023,1976.0,sadar aplikasi mengesankan peta armada terkini informasi dasar armada lokasi detil halte kota kota indonesia meniru jakarta bandung surabaya tersedia app store amp play store bravo semarang,1.6124399561942262e+18,in,Jakarta Capital Region,158.0,98.0,487.0,insanridho,Transsemarang
293,Sun Jan 08 10:29:12 +0000 2023,0.0,semarang semarang bisanya rusak ngga bis jalur kedepannya bisnya service,1.6120336734105354e+18,in,the north remembers,0.0,0.0,0.0,panggiljoaja,Transsemarang
294,Sat Jan 07 03:45:41 +0000 2023,1.0,selamat siang admin mohon adakan halte universitas terbuka brt haltenya,1.6115697362022154e+18,in,"Semarang, Jawa Tengah",0.0,1.0,0.0,mbaksagitarius,Transsemarang
295,Fri Jan 06 22:37:20 +0000 2023,0.0,klo stasiun tawang kaligawe rutenya,1.611492139707564e+18,in,,0.0,1.0,0.0,xyz12__,Transsemarang
296,Fri Jan 06 22:36:03 +0000 2023,0.0,alun alun pasar johar turun,1.6114918170607288e+18,in,Semarang,0.0,1.0,0.0,auliyaans,Transsemarang
297,Thu Jan 05 14:52:15 +0000 2023,6.0,satunya penumpang layanan malam stasiun tawang pelabuhan simpang kemarin semoga layanan depannya diminati turun kereta api,1.6110127067899126e+18,in,Di hatimu,0.0,0.0,2.0,ikromzzzzzt,Transsemarang
298,Thu Jan 05 12:43:38 +0000 2023,114.0,feeder trans semarang gaes suka feeder penggaron banyumanik kabar gembira nih januari trans semarang menambah armada feeder unit unit,1.6109803394885263e+18,in,"Kota Semarang, Kab. Banyumas",21.0,6.0,25.0,TransportforSMG,Transsemarang
299,Wed Jan 04 13:19:22 +0000 2023,0.0,hi mohon kondisi halte jalur rutenya terjamin layak aman nyaman kondusif pengguna krn msh terpantau semarangsetara terusberbenah,1.610626946815365e+18,in,Tlogosari - Mertoyudan,0.0,1.0,0.0,faridrdoni,Transsemarang
300,Tue Jan 03 02:03:16 +0000 2023,1.0,perhatian info rute,1.6100944102048727e+18,in,Jl. Pemuda No.148,0.0,0.0,0.0,ppidkotasmg,Transsemarang
301,Mon Jan 02 00:58:01 +0000 2023,0.0,informasi terkait pengalihan jalur trans semarang,1.6097156015300567e+18,in,Jl. Pemuda No.148,0.0,0.0,0.0,ppidkotasmg,Transsemarang
302,Sat Dec 31 09:56:11 +0000 2022,0.0,informasi lur monggo disimak,1.6091262599337288e+18,in,Jl. Pemuda No.148,0.0,0.0,0.0,ppidkotasmg,Transsemarang
303,Sat Dec 31 03:18:11 +0000 2022,1.0,informasi terbaru waspada,1.6090260999961354e+18,in,Jl. Pemuda No.148,0.0,1.0,0.0,ppidkotasmg,Transsemarang
304,Fri Dec 30 13:14:59 +0000 2022,2.0,jajal brt koridor cangkiran bsb tawang,1.6088139033117e+18,in,"Tambora, Indonesia",0.0,1.0,0.0,jalur5_,Transsemarang
305,Fri Dec 30 10:08:05 +0000 2022,0.0,informasi terkait layanan trans semarang sabtu desember,1.608766869594583e+18,in,Jl. Pemuda No.148,0.0,0.0,0.0,ppidkotasmg,Transsemarang
306,Thu Dec 29 07:23:46 +0000 2022,1.0,feedernya emang diandalkan murah nyaman menjangkau perumahan mengurangi kemacetan,1.608363129414746e+18,in,Di hatimu,0.0,1.0,1.0,ikromzzzzzt,Transsemarang
307,Wed Dec 28 01:18:48 +0000 2022,0.0,info rute genuk arah tentrem mall,1.6079088936483676e+18,in,,0.0,1.0,0.0,khoiriyya_,Transsemarang
308,Tue Dec 27 10:29:37 +0000 2022,0.0,gimana sih udah nunggu halte nyelonong gituh berhenti brt nya penuh lho brt undip unnes udah sore nunggu lamaa bangeet bis vi nih,1.607685122492633e+18,in,"Semarang, Jawa Tengah",0.0,1.0,0.0,kicauanuri,Transsemarang
309,Tue Dec 27 02:40:07 +0000 2022,0.0,halo rute halte bi pleburan perpusda jateng gimana yaa matursuwun,1.6075669701694915e+18,in,,0.0,1.0,0.0,pastelblurp,Transsemarang
310,Mon Dec 26 09:34:05 +0000 2022,0.0,halo admin brt polines jl ra kartini pandanaran besok rutenya gimana yaa terima kasih,1.6073087602462884e+18,in,she/her,0.0,1.0,0.0,macaronzn,Transsemarang
311,Mon Dec 26 06:24:26 +0000 2022,0.0,hallo johar penggaron transit halte,1.6072610346619494e+18,in,"âœˆ Jakarta, Indonesia",0.0,3.0,0.0,chitattooess,Transsemarang
312,Sat Dec 24 11:43:56 +0000 2022,0.0,halo halte jaya paragon arah yaa makasii,1.6066166607017697e+18,in,,0.0,1.0,0.0,hearttoruto,Transsemarang
313,Fri Dec 23 03:41:08 +0000 2022,0.0,pagi ijin brt jl setiabudi halte samping hotel plaza halte seberangnya eiger adventure store tujuannya arah wisata ngrembel asri rutenya terimakasih,1.606132772296282e+18,in,Semarang,0.0,1.0,0.0,SenoJodi,Transsemarang
314,Thu Dec 22 13:54:00 +0000 2022,31.0,layanan malam trans semarang pelabuhan simpang halo guys kerasa nih udah liburan natal jalan jalan semarang malam tenang layanan malam nih,1.6059246202337362e+18,in,"Kota Semarang, Kab. Banyumas",2.0,4.0,4.0,TransportforSMG,Transsemarang
315,Thu Dec 22 11:06:09 +0000 2022,9.0,titik pemberhentian bus layanan malam koridor pelabuhan simpang rute t detil gambar dishare kesempatan coba layanan selesai januari besok creator me made for,1.6058823787273462e+18,in,Semarang City - ID,0.0,1.0,0.0,FarhanSyafiqF,Transsemarang
316,Wed Dec 21 05:29:10 +0000 2022,0.0,nanya mall ciputra smk muhammadiyah indraprasta turun halte,1.6054351858808668e+18,in,"Indonesian | IDN, NED, NOR",0.0,1.0,0.0,hidayatev,Transsemarang
317,Sun Dec 18 12:39:40 +0000 2022,0.0,info rute brt unnes mangkang java mall trans,1.6044563610936402e+18,in,Semarang,0.0,1.0,0.0,auliyaans,Transsemarang
318,Sun Dec 18 08:41:57 +0000 2022,0.0,halte polines unimus thank u,1.6043965384735089e+18,in,,0.0,1.0,0.0,egktauwT___T,Transsemarang
319,Sat Dec 17 13:11:05 +0000 2022,0.0,beruntung banget armada brt kinyis kinyis arah terminal sisemut kursinya empuk space khusus penyandang disabilitas trus ac nya super super dingin sukaaa,1.60410188057711e+18,in,"Semarang, Jawa Tengah",0.0,1.0,0.0,ulibukantape,Transsemarang
320,Thu Dec 15 17:18:21 +0000 2022,10.0,mantap sih pengumumannya,1.6034393302736937e+18,in,,1.0,2.0,3.0,kangahdi,Transsemarang
321,Thu Dec 15 00:08:04 +0000 2022,1.0,dikecewakan sma layanan publik bus layanan dar rsud krmt wongsonegoro bener datangnya lambat banget udh nunggu jam kepastian tolong jam layanan publik,1.603180052329349e+18,in,,0.0,1.0,0.0,amor2296,Transsemarang
322,Tue Dec 13 00:45:04 +0000 2022,0.0,mijen terminal mangkang transitnya dimana mosok balaikota,1.6024645879781868e+18,in,indonesia,0.0,1.0,0.0,HerySutiono,Transsemarang
323,Sun Dec 11 15:54:45 +0000 2022,0.0,halte ngesrep tentrem rutenya gimana,1.6019687418685235e+18,in,,0.0,1.0,0.0,Gypsophilaapink,Transsemarang
324,Sun Dec 11 08:56:36 +0000 2022,0.0,plus minus nya brt semarang byk dibenahi bener,1.601863508026458e+18,in,"Semarang, Jawa Tengah",0.0,1.0,0.0,selleyishere,Transsemarang
325,Sun Dec 11 05:00:01 +0000 2022,0.0,halo bus jalan bergetar panas mesin diperbaiki ganti amp nyaman laporhendi terusberbenah,1.6018039729430487e+18,in,,0.0,2.0,0.0,l1sbethhh,Transsemarang
326,Sat Dec 10 08:56:40 +0000 2022,4.0,gerakan nasional angkutan kota semarang peta,1.6015011380583752e+18,in,Semarang City - ID,0.0,1.0,7.0,FarhanSyafiqF,Transsemarang
327,Fri Dec 09 23:42:26 +0000 2022,0.0,rute ngesrep museum kota gimana,1.6013616589614858e+18,in,,0.0,1.0,0.0,putrisjz,Transsemarang
328,Fri Dec 09 12:52:41 +0000 2022,0.0,usm poncol gimanaa,1.601198147430019e+18,in,,0.0,1.0,0.0,yugeemine,Transsemarang
329,Wed Dec 07 03:16:21 +0000 2022,0.0,halo nanya unimus salatiga ngga,1.6003283301960663e+18,in,,0.0,2.0,0.0,tolaabika,Transsemarang
330,Mon Dec 05 01:33:00 +0000 2022,1.0,mo nanya halte bni unnes halte rusunawa putri unnes gimana yaa tengkyuu,1.599577547561644e+18,in,Semarang,0.0,1.0,1.0,hanifunnn,Transsemarang
331,Mon Dec 05 01:15:18 +0000 2022,1.0,pssst bis iii mbak kondekturnya marah marah nih penumpang arah pelabuhan tulisan bis pelabuhan trs pas penumpang mbaknya bentak bentak ngegas elizabeth elizabeth,1.599573092711682e+18,in,Semarang,0.0,3.0,0.0,auliyaans,Transsemarang
332,Sat Dec 03 15:39:19 +0000 2022,12.0,malam transport for semarang beserta smartnavi pemasangan perbaikan sistem led gps announcer bus koridor semoga langkah mewujudkan transportasi publik kota semarang inklusif,1.59906575163759e+18,in,"Kota Semarang, Kab. Banyumas",0.0,1.0,4.0,TransportforSMG,Transsemarang
333,Fri Dec 02 06:26:25 +0000 2022,0.0,halo admin rute brt undip tembalang java mall gimana yaa sabtu pakai ktm,1.5985642232229765e+18,in,she/her,0.0,1.0,0.0,macaronzn,Transsemarang
334,Wed Nov 30 12:57:38 +0000 2022,0.0,hayoo tanggung,1.5979379017820692e+18,in,,0.0,0.0,0.0,Hoshiides,Transsemarang
335,Wed Nov 30 03:46:50 +0000 2022,0.0,bls dm,1.5977992886793257e+18,in,Indonesia,0.0,1.0,0.0,nikenpratw,Transsemarang
336,Thu Nov 24 12:11:11 +0000 2022,2.0,bekas halte polines besi pasir pertanda dibangun halte proper,1.5957518854574612e+18,in,,0.0,1.0,0.0,Hoshiides,Transsemarang
337,Thu Nov 24 11:10:36 +0000 2022,0.0,dengar petugas koridor halte milo sistem ditulis mulo smpn tenang sistemnya typo petugas ndak salah nama asli daerah m u l o nama smp n semarang,1.5957366394350674e+18,in,Semarang City - ID,0.0,1.0,0.0,FarhanSyafiqF,Transsemarang
338,Thu Nov 24 07:41:04 +0000 2022,0.0,jam malam brt poncol ngaliyan,1.595683909022294e+18,in,,0.0,1.0,0.0,beononjjang,Transsemarang
339,Tue Nov 22 10:14:11 +0000 2022,1.0,brt koridor dear admin brr koridor pagi sore halte nya penuh rencana armada ganti ukuran koridor lelahmenunggu,1.5949976660096532e+18,in,"Semarang, Jawa Tengah",0.0,1.0,0.0,edwinmhartono,Transsemarang
340,Sun Nov 20 11:17:54 +0000 2022,0.0,bus jam w bus,1.594288922812887e+18,in,,0.0,1.0,0.0,sil_vient,Transsemarang
341,Fri Nov 18 11:15:54 +0000 2022,0.0,arah meteseh lawang sewu pake brt gimana,1.5935636450025472e+18,in,,0.0,1.0,0.0,choloaegi,Transsemarang
342,Wed Nov 16 09:59:53 +0000 2022,0.0,permisi udinus banyumanik koridor,1.5928197401455043e+18,in,,0.0,1.0,0.0,masyarakatskz,Transsemarang
343,Mon Nov 14 13:57:47 +0000 2022,1.0,malem kak rute brt stasiun poncol undip gimana jam operasional brt sampe jam terima kasih,1.592154832835838e+18,in,,0.0,1.0,0.0,feelgloomy_,Transsemarang
344,Mon Nov 14 05:44:57 +0000 2022,0.0,halo brt koridor keberangkatan terminal mangkang jam brp,1.592030806285103e+18,in,Semarang,0.0,1.0,0.0,auliyaans,Transsemarang
345,Sat Nov 12 15:47:58 +0000 2022,0.0,walopun semarang panasnya spt padang mahsyar ttep cinta karna brt thxu,1.5914577851488666e+18,in,,0.0,0.0,0.0,deliar__,Transsemarang
346,Fri Nov 11 00:56:28 +0000 2022,0.0,pagi mint nanya nih mangkang hotel noormans jl teuku umar jatingaleh koridor turun makasih,1.590871043140653e+18,in,"Cilacap, Jawa Tengah",0.0,2.0,0.0,khafidz_02,Transsemarang
347,Fri Nov 11 00:16:55 +0000 2022,0.0,selamat pagi nanya rute brt terminal sisemut halte bunderan undip gimana transit elisabeth oper halte kejauhan transit,1.5908610892141732e+18,in,college.,0.0,2.0,0.0,cntroll,Transsemarang
348,Thu Nov 10 01:55:57 +0000 2022,0.0,brt semarang arah meteseh alihkan dimana,1.5905236270193172e+18,in,,0.0,1.0,0.0,choloaegi,Transsemarang
349,Thu Nov 10 00:48:20 +0000 2022,22.0,pagi mimin informasiin nih bus bus koridor penggaron mangkang dipasang sistem informasi audio visual terbaru lho penasaran yuk ah cobain,1.5905066078716764e+18,in,"Kota Semarang, Kab. Banyumas",5.0,10.0,6.0,TransportforSMG,Transsemarang
350,Wed Nov 09 13:37:05 +0000 2022,0.0,admin halte jatibarang bsb terminal sukun rute,1.5903376846520566e+18,in,,0.0,1.0,0.0,Myarsai,Transsemarang
351,Wed Nov 09 08:11:26 +0000 2022,0.0,tudey brt nemuin bus kek gw naikin kemarin gmn kek sedih sih ngelihat terusan yuk benahin kota bareng bareng yuk bu,1.5902557307956224e+18,in,"Semarang, Jawa Tengah",0.0,2.0,0.0,dariwongkoko,Transsemarang
352,Mon Nov 07 14:57:41 +0000 2022,0.0,halo izin unnes halte deket pasar bandarjo naiknya trs transit nggak,1.5896331932083364e+18,in,teuland,0.0,1.0,0.0,plaeunetOO,Transsemarang
353,Sun Nov 06 16:26:40 +0000 2022,0.0,klo meteseh uin pake brt sih,1.589293196399739e+18,in,,0.0,2.0,0.0,choloaegi,Transsemarang
354,Sun Nov 06 10:59:59 +0000 2022,0.0,brt penggaron mangkang jam banjir kyk gini,1.5892109836037775e+18,in,semarang,0.0,1.0,0.0,rianbayu,Transsemarang
355,Sun Nov 06 09:36:55 +0000 2022,0.0,izin nanya nih mint bikin kartu trans semarang dimana biar top up mahasiswa ribet ngumpulin uang recehan biar nggak ngerepotin mas mba pelayan transaksinya hehe makasih mint udah,1.5891900794526884e+18,in,"Cilacap, Jawa Tengah",0.0,1.0,0.0,khafidz_02,Transsemarang
356,Fri Nov 04 08:01:42 +0000 2022,0.0,admin halte unnes java mall rutenya gimana makasih,1.5884413416417649e+18,in,ğŸ‡®ğŸ‡©,0.0,1.0,0.0,pixxiechany,Transsemarang
357,Fri Nov 04 07:07:58 +0000 2022,0.0,kak poncol penggaron,1.588427821793575e+18,in,,0.0,1.0,0.0,beononjjang,Transsemarang
358,Fri Nov 04 01:29:44 +0000 2022,0.0,info halte petek halte kesatrian bis nomor,1.588342699501183e+18,in,"Central Java, Indonesia",0.0,1.0,0.0,luvicecreamy,Transsemarang
359,Fri Nov 04 00:08:10 +0000 2022,0.0,tolong rute uin walisongo stasiun poncol,1.5883221735710802e+18,in,,0.0,1.0,0.0,beononjjang,Transsemarang
360,Thu Nov 03 06:12:18 +0000 2022,0.0,siang nanya rute unnes stasiun poncol naiknya makasih,1.5880514250529382e+18,in,,0.0,2.0,0.0,aliasshevrya,Transsemarang
361,Wed Nov 02 03:49:53 +0000 2022,0.0,udh kali komplen bis berenti pas halte penumpang allah kesel jelek nih,1.5876531955891118e+18,in,ğŸ‡®ğŸ‡©,0.0,1.0,0.0,studybyna,Transsemarang
362,Tue Nov 01 09:16:33 +0000 2022,3.0,siang tertera aplikasi aplikasi ngebantu banget sesuai nunggunya menit rute unnes undip,1.5873730174950195e+18,in,,0.0,2.0,0.0,ayamgota,Transsemarang
363,Mon Oct 31 09:32:23 +0000 2022,0.0,halo ka brt gemah pedurungan balai kesehatan semarang koridor terima makasih,1.587014614050431e+18,in,at the sea,0.0,1.0,0.0,this_r_archives,Transsemarang
364,Mon Oct 31 04:04:11 +0000 2022,0.0,stasiun poncol unnes brt koridor terima kasih,1.5869320177193e+18,in,,0.0,1.0,0.0,aliasshevrya,Transsemarang
365,Sun Oct 30 07:19:05 +0000 2022,0.0,admin jam operasional koridor v sampe jam,1.5866186791390863e+18,in,,0.0,1.0,0.0,caIImepiu,Transsemarang
366,Fri Oct 28 01:27:21 +0000 2022,0.0,bis an,1.5858053864893972e+18,in,"Semarang, Jawa Tengah",0.0,0.0,0.0,rizkikrwnn,Transsemarang
367,Thu Oct 27 12:32:17 +0000 2022,0.0,permisi nanya rute unnes prpp gedung sumbing,1.5856103321850593e+18,in,,0.0,0.0,0.0,kyoongtryst,Transsemarang
368,Thu Oct 27 07:30:08 +0000 2022,29.0,halo guys mimin informasiin bus koridor diujicoba pengaktifan gps announcernya coba unit bus nomor lambung i sgo suara announcementnya dipersembahkan,1.5855342969235948e+18,in,"Kota Semarang, Kab. Banyumas",2.0,2.0,5.0,TransportforSMG,Transsemarang
369,Tue Oct 25 23:12:44 +0000 2022,0.0,halo izin dongggg uin walisongo unnes naiknya transit nggak sih terima kasih,1.5850467327733924e+18,in,,0.0,1.0,0.0,hilih_twt,Transsemarang
370,Mon Oct 24 10:55:21 +0000 2022,0.0,nanya adakah prosedur keselamatan penumpang pingsan bis halte terdekat terimakasih nya,1.5844987762404434e+18,in,Nusantara,0.0,1.0,0.0,aswidhafm,Transsemarang
371,Sat Oct 22 06:11:52 +0000 2022,0.0,selamat siang halte usm menunggu brt daru jam mohon info laporhendi,1.583702659818672e+18,in,"Semarang, Jawa Tengah",0.0,1.0,0.0,cha_baka,Transsemarang
372,Wed Oct 19 14:12:21 +0000 2022,0.0,temen temen aing nanya gimana brt aing wkwk bangga you should make me your brand ambassador aing hapal rute koridor ii iii vi,1.5827364132246733e+18,in,,0.0,0.0,0.0,sIeepyinsomniac,Transsemarang
373,Wed Oct 19 08:56:34 +0000 2022,0.0,halo brt beroperasi stasiun poncol ngaliyan jam terima kasih,1.582656944208515e+18,in,,0.0,1.0,0.0,Paibaobeii,Transsemarang
374,Wed Oct 19 01:57:54 +0000 2022,0.0,tolong bis brt koridor genuk ditambah pakk bis genuk mogok jalannya lambat nunggu bis genuk menit telat berangkat sekolah,1.582551581567832e+18,in,,0.0,1.0,0.0,anelieor,Transsemarang
375,Tue Oct 18 12:44:54 +0000 2022,0.0,pulang kerja jam perjalanan semarang macet gegara hujan,1.5823520190290985e+18,in,"Semarang, Jawa Tengah",0.0,1.0,0.0,bkandewipersik,Transsemarang
376,Sat Oct 15 14:11:05 +0000 2022,0.0,bata johar gramedia pandanaran rute,1.5812865453859185e+18,in,negeri entah brantah,0.0,1.0,0.0,misroppadit,Transsemarang
377,Sat Oct 15 02:16:19 +0000 2022,0.0,perum griya bringin asri wonosari ngaliyan halte polines rutenya gimana,1.581106665130455e+18,in,,0.0,3.0,0.0,kimwonfeelingme,Transsemarang
378,Fri Oct 14 03:03:17 +0000 2022,0.0,halo unnes kagok naiknya pasar krempyeng lap banaran ntar sampe halte ft nunggu penumpang langsungan,1.580756096536707e+18,in,Semarang,0.0,3.0,0.0,auliyaans,Transsemarang
379,Fri Oct 14 01:32:11 +0000 2022,0.0,halo ngaliyan sukun rutenya terima kasih,1.5807331716534968e+18,in,,0.0,1.0,0.0,gizkydindra,Transsemarang
380,Thu Oct 13 11:54:32 +0000 2022,0.0,pemuda tutup bnr kecewa petugasnya kasih info spesifik karna alhasil bablas sampe kalibanteng ungaran suruh turun dimana info nggak,1.5805274029960765e+18,in,di bulan,0.0,1.0,0.0,meewulannn,Transsemarang
381,Wed Oct 12 13:50:03 +0000 2022,0.0,hi shelter elisabeth shelter kagok masuk koridor,1.5801940861157376e+18,in,"Damansara, Selangor",0.0,4.0,0.0,Julpikrar,Transsemarang
382,Wed Oct 12 04:27:36 +0000 2022,0.0,klo taman madukoro halte kampus uin ws gmn,1.5800525430190244e+18,in,hayo didaerah mana aku?,0.0,2.0,0.0,ayingOOR,Transsemarang
383,Fri Oct 07 07:58:17 +0000 2022,1.0,jatisari mijen smp domsav gimana yah transit kali koridor suwun,1.5782936238540268e+18,in,indonesia,0.0,1.0,0.0,HerySutiono,Transsemarang
384,Wed Oct 05 05:00:40 +0000 2022,0.0,hai mahasiswa minggu brt tarifnya,1.5775241488088678e+18,in,negeri entah brantah,0.0,1.0,0.0,misroppadit,Transsemarang
385,Tue Oct 04 00:56:31 +0000 2022,2.0,terima kasih bawa sepeda turun bis jalan kawasan,1.577100318365479e+18,in,"ÃœT: -6.197711,107.00529",0.0,1.0,0.0,doyansambel,Transsemarang
386,Mon Oct 03 11:34:58 +0000 2022,0.0,mood bagus dengerin lagu asik kurangin macet kota semarang yuk besti semarang terusberbenah cc,1.5768986030411858e+18,in,Indonesia,0.0,0.0,0.0,Fitri_42,Transsemarang
387,Mon Oct 03 09:07:11 +0000 2022,0.0,saran nambahin armada jurusan penggaron feeder nunggu bis menit bisnya dateng udah penuh jd nunggu jam an anak pulang sekolah kuliah jd rame banget,1.5768614113091502e+18,in,,0.0,1.0,0.0,kimyourss,Transsemarang
388,Mon Oct 03 04:50:29 +0000 2022,6.0,monggo,1.5767968095398502e+18,in,Indonesia,0.0,1.0,0.0,hendrarprihadi,Transsemarang
389,Sat Oct 01 17:41:44 +0000 2022,4.0,videonya keren cerdas menghadapi krisis energi,1.5762661256790016e+18,in,"Pati, Indonesia",0.0,0.0,3.0,pambudiPati,Transsemarang
390,Fri Sep 30 03:47:26 +0000 2022,1.0,haloo brt smp smg gereja blenduk kota rutenya gimana kak,1.5756937805186007e+18,in,dream land,0.0,1.0,0.0,7llininmyroom,Transsemarang
391,Fri Sep 30 00:34:16 +0000 2022,0.0,minn unnes uin walisongo naiknya trs transit nggak,1.575645164949115e+18,in,teuland,0.0,1.0,0.0,plaeunetOO,Transsemarang
392,Thu Sep 29 12:19:11 +0000 2022,0.0,kampus upgris jl gajah raya no sambirejo kec gayamsari halte polines makasih,1.575460177607725e+18,in,,0.0,2.0,0.0,sugawasoo,Transsemarang
393,Thu Sep 29 03:16:24 +0000 2022,0.0,dah kenyang dikatain kere dikasihani kemana nyaman nyaman,1.5753235800148623e+18,in,Ride the Vikings ship,0.0,1.0,0.0,halorsj,Transsemarang
394,Wed Sep 28 06:44:50 +0000 2022,0.0,hi izin terminal mangkang terminal terboyo brt koridor terima kasih,1.5750136488333435e+18,in,"Cilacap, Jawa Tengah",0.0,1.0,0.0,khafidz_02,Transsemarang
395,Wed Sep 28 02:49:35 +0000 2022,0.0,halo kak rute bis ungaran danau bsb rutenya gimana,1.5749544443868815e+18,in,,0.0,1.0,0.0,bibleurluvee,Transsemarang
396,Tue Sep 27 10:52:40 +0000 2022,2.0,laporhendi feeder ndak ditambah unitnya jarak armadanya banget wkwk an menit armada udah jam selesai layanan berangkat titik keberangkatan,1.5747136302220698e+18,in,Semarang City - ID,0.0,3.0,0.0,FarhanSyafiqF,Transsemarang
397,Mon Sep 26 05:24:02 +0000 2022,0.0,ijin usul diadakan brt pucang gading arah kota semarang angkutan jarang arah pucang gading ojek online mahal biayanya terima kasih,1.574268538290045e+18,in,,0.0,2.0,0.0,septi_510,Transsemarang
398,Sat Sep 24 04:26:41 +0000 2022,0.0,misi trans semarang lapangan yonif raider stadion undip,1.573529330533118e+18,in,,0.0,1.0,0.0,evevuevee,Transsemarang
399,Fri Sep 23 23:01:35 +0000 2022,1.0,tersedia armada bus feeder ayonaikbus hindarikemacetan,1.57344751661577e+18,in,Semarang ID,0.0,0.0,0.0,mellodikamusic,Transsemarang
400,Fri Sep 23 12:45:21 +0000 2022,0.0,klo trans semarang museum ranggawarsita,1.5732924368516751e+18,in,,0.0,1.0,0.0,bimaumenang,Transsemarang
401,Fri Sep 23 09:14:33 +0000 2022,2.0,kolaborasi musisi trans semarang luncurkan kompilasi ambyaran semarang trans transsemarang suaramerdeka,1.573239383939248e+18,in,,0.0,0.0,0.0,hendras79127758,Transsemarang
402,Thu Sep 22 16:23:09 +0000 2022,0.0,dishub kota semarang fokus tingkatkan layanan transportasi publik brt ac nya mati kotasemarang transsemarang suaramerdeka,1.5729848593034772e+18,in,,0.0,0.0,0.0,hendras79127758,Transsemarang
404,Tue Sep 20 04:16:52 +0000 2022,1.0,halo admin undip tentrem mall rutenya gimana,1.5720773073802486e+18,in,Semarang,0.0,1.0,0.0,NFirdana,Transsemarang
405,Mon Sep 19 13:33:57 +0000 2022,0.0,udah pelajar pelancong mahasiswi wa asing neh jogja jga halte gercep ramah bahasa inggris nya jga pramugaranya bis diremajakan diperbanyak,1.5718551140964803e+18,in,,0.0,1.0,0.0,jaehyunpages,Transsemarang
406,Mon Sep 19 03:22:54 +0000 2022,0.0,untungnya sepi sih gimana desekan panas acnya dingin huhu yok yok acnya diperbaiki,1.571701338781909e+18,in,,0.0,0.0,0.0,kmi60866519,Transsemarang
407,Sun Sep 18 04:10:05 +0000 2022,1.0,weekend bayar pake tap cash bni dapet harga pelajar,1.5713508247770317e+18,in,"Semarang, Jawa Tengah",0.0,3.0,0.0,mbaksagitarius,Transsemarang
408,Sat Sep 17 14:22:46 +0000 2022,0.0,om admin ane td ngurus e card pelajar simpang amp balaikota stok kosong udinus tinggal udh keduluan org stok dipenuhi thanks om,1.571142624819712e+18,in,ss arent allowed,0.0,1.0,0.0,forchyunsvk,Transsemarang
409,Sat Sep 17 05:40:07 +0000 2022,0.0,klo arah unnes lawang sewu rutenya gmn,1.5710110937782886e+18,in,,0.0,1.0,0.0,achiles388,Transsemarang
410,Sat Sep 17 01:28:25 +0000 2022,0.0,polines umama gallery karangtempel tuh gimana rutenya arah,1.5709477500696658e+18,in,,0.0,2.0,0.0,flowvvey,Transsemarang
411,Sat Sep 17 00:08:31 +0000 2022,0.0,nanya rute unnes kota,1.570927644098855e+18,in,,0.0,3.0,0.0,kimwonfeelingme,Transsemarang
412,Fri Sep 16 05:43:48 +0000 2022,0.0,halo nih unimus stasiun tawang gimana,1.5706496326022226e+18,in,,0.0,1.0,0.0,aliasshevrya,Transsemarang
413,Wed Sep 14 23:38:16 +0000 2022,1.0,mimin unimus naiknya poncol jalan sebelah kiri disebelah kiri gada halte rute unimus poncol,1.57019525707742e+18,in,,0.0,2.0,0.0,aijaexyz,Transsemarang
414,Tue Sep 13 06:12:03 +0000 2022,0.0,nanya halte gajah mungkur jurusan klo jurusan ungaran thankss,1.5695695794537882e+18,in,Indramayu,0.0,1.0,0.0,Princeror_,Transsemarang
415,Sun Sep 11 06:41:04 +0000 2022,0.0,halo brt terboyo ngaliyan naiknya halte sebrang unissula drmana sore brt,1.5688521050369638e+18,in,,0.0,1.0,0.0,hwanniyaa,Transsemarang
416,Sun Sep 11 04:39:53 +0000 2022,0.0,pagi unimus tentrem mall brt jurusan,1.5688216080848077e+18,in,,0.0,1.0,0.0,niadunpie,Transsemarang
417,Sun Sep 11 01:30:30 +0000 2022,0.0,halo yuk ah ditingkatkan kualitasnya,1.568773949068288e+18,in,,0.0,1.0,0.0,aijaexyz,Transsemarang
418,Mon Aug 22 05:12:06 +0000 2022,0.0,kelingan film iki baby s day out klo sy stroke s day out with the bus hehehehehe berkelana seharian bus x feeder x bus trans rp rb pp bekal minum amp cemilan sangu rumah bro ayook,1.5615819609834865e+18,in,semarang,0.0,1.0,0.0,rianbayu,Transsemarang
419,Mon Aug 22 05:05:39 +0000 2022,1.0,halo tolong halte perbaiki orang difabel sy menyulitkan amp berbahaya sy jalan bus krn busnya nyaman rute ngaliyan gt cc,1.561580336672174e+18,in,"Ngaliyan, Semarang",0.0,2.0,0.0,DoryHid,Transsemarang
420,Mon Aug 22 04:11:24 +0000 2022,0.0,halo gais mimin informasiin nih armada koridor prpp meteseh diujicoba sistem led announcer hasil kolaborasi transport for semarang trans semarang udah coba,1.5615666841539256e+18,in,"Ngaliyan, Semarang",1.0,2.0,0.0,DoryHid,Transsemarang
421,Mon Aug 22 00:37:32 +0000 2022,43.0,selamat pagi informasi singkat announcer armada koridor diaktifkan loh silakan cek armada terpasang ciri cirinya led arah relasi terpasang terpasang,1.5615128617461514e+18,in,"Kota Semarang, Kab. Banyumas",9.0,5.0,9.0,TransportforSMG,Transsemarang
422,Sun Aug 21 23:25:51 +0000 2022,6.0,pingin,1.5614948230515917e+18,in,Semarang City - ID,1.0,1.0,1.0,FarhanSyafiqF,Transsemarang
423,Sun Aug 21 08:18:17 +0000 2022,2.0,terminal ungaran unnes koridor,1.561266425821819e+18,in,"Semarang, Jawa Tengah",0.0,0.0,0.0,HeribertusRian_,Transsemarang
424,Sun Aug 21 04:57:50 +0000 2022,0.0,seneng mbak ayuk evrianti manner nya good mba nya mungilÂ² lincah bingguts hehe,1.5612159813596037e+18,in,,0.0,1.0,0.0,hyaayuuk,Transsemarang
425,Sun Aug 21 02:17:45 +0000 2022,5.0,selamat semarang dimana bis gaboleh masuk cfd gimana nih kalah jakarta solo,1.5611756933709947e+18,in,"Semarang, Jawa Tengah",0.0,1.0,1.0,_chesalestyn,Transsemarang
426,Sat Aug 20 23:49:07 +0000 2022,0.0,program brt kota semarang memfasilitasi pelajar lansia kartu teman teman disabilitas fasilitas,1.561138290849624e+18,in,Semarang City - ID,0.0,0.0,0.0,FarhanSyafiqF,Transsemarang
427,Fri Aug 19 06:39:37 +0000 2022,32.0,tolong info rute brt wonderia psikologi undip terima kasih,1.5605168181709455e+18,in,Indonesia,0.0,1.0,10.0,hendrarprihadi,Transsemarang
428,Thu Aug 18 12:13:40 +0000 2022,0.0,pelajar bis trans semarang bayar tarif regular,1.5602385000120033e+18,in,,0.0,1.0,0.0,hllwrss,Transsemarang
429,Wed Aug 17 02:02:06 +0000 2022,0.0,tolong info rute brt wonderia siliwangi terima kasih,1.559722205608661e+18,in,,0.0,1.0,0.0,TriWahyuni143,Transsemarang
430,Tue Aug 16 19:57:56 +0000 2022,0.0,peta transportasi undip halo mahasiswa undip kerasa bentar udah masuk kuliah offline eh tau sih layanan menjangkau kampus undip,1.5596305600580485e+18,in,,0.0,2.0,0.0,hllwrss,Transsemarang
431,Sun Aug 14 04:57:50 +0000 2022,77.0,tarif cassless ovo gopay sejenisnya berlaku jenis penumpang rp berlaku smpe agustus hutri,1.558679263984816e+18,in,"Kota Semarang, Kab. Banyumas",3.0,1.0,15.0,TransportforSMG,Transsemarang
432,Sun Aug 14 04:01:44 +0000 2022,3.0,izin nanya rute stasiun poncol unnes gimana makasih,1.558665147702743e+18,in,"Semarang, Jawa Tengah",0.0,1.0,0.0,_chesalestyn,Transsemarang
433,Sat Aug 13 10:39:45 +0000 2022,0.0,kota dp mall shelter sebelah turun,1.5584029254030705e+18,in,,0.0,1.0,0.0,aliasshevrya,Transsemarang
434,Fri Aug 12 06:59:16 +0000 2022,0.0,bahasa logat seh max max meresahkan hade,1.5579850488001536e+18,in,read carrd byf. || 20+,0.0,1.0,0.0,scorpiuslino,Transsemarang
435,Thu Aug 11 16:09:47 +0000 2022,11.0,besok armada sr semarang mangkang crew tgl tilang mbandel bis informasi mangkang mangkang nyaman lo ampe malam jam arah simpang,1.5577612023147028e+18,in,,1.0,0.0,2.0,nadjwanur21,Transsemarang
436,Thu Aug 11 11:34:05 +0000 2022,21.0,asli busmin nya nih qna bis wkwk,1.5576918208296837e+18,in,,3.0,6.0,14.0,nadjwanur21,Transsemarang
437,Wed Aug 10 22:26:00 +0000 2022,0.0,butuh visualisasi perubahan rute koridor balaikota gt halte layur gt putar titik nol kilometer gt halte bpd kantor pos gt jalan ki nartosabdo gt jalan agus salim gt bundaran bubakan gt halte bri pattimura gt dst normal,1.5574934941719798e+18,in,Semarang City - ID,0.0,0.0,0.0,FarhanSyafiqF,Transsemarang
438,Sun Jul 17 06:48:48 +0000 2022,0.0,seharian keliling mangkang ungaran terboyo pic trans jateng pemanis bayar w gopay ovo dsb uang digital btw beda kultur brt jkt wanita laki smg laki duduk wanita,1.5485603322764984e+18,in,Semarang City - ID,0.0,1.0,0.0,FarhanSyafiqF,Transsemarang
439,Sat Jul 16 10:41:27 +0000 2022,7.0,laporhendi brt arah genuk dateng jam menunggu,1.5482564936777073e+18,in,ğŸŒğŸŒğŸŒ,0.0,0.0,4.0,fauzibijak,Transsemarang
440,Sat Jul 16 05:08:13 +0000 2022,0.0,bayar rp k keliling kota semarang terima kasih wali pemkotsemarang kotaramahlingkungan unef wno gef ipcc wwf smgtransportrabu,1.5481726323105833e+18,in,"Pekalongan, Jawa Tengah",0.0,2.0,0.0,agatshya_ism,Transsemarang
441,Wed Jul 13 05:38:55 +0000 2022,6.0,jam wib bus trans semarang area samsat pedurungan ambil penumpang barusan bus i arah simpang penggaron berhenti halte samsat suwun laporhendi,1.5470931916773417e+18,in,"Pekalongan, Jawa Tengah",0.0,1.0,1.0,Nasikin_MA,Transsemarang
442,Sun Jul 10 11:10:00 +0000 2022,0.0,koridor keberangkatan jam brp njih,1.54608934823569e+18,in,,0.0,2.0,0.0,Hadi_Bin_Rustam,Transsemarang
443,Fri Jul 08 05:12:42 +0000 2022,0.0,mohon cek,1.5452746579721257e+18,in,"Semarang, Jawa Tengah",0.0,1.0,0.0,masojol_smg,Transsemarang
444,Fri Jul 08 00:13:59 +0000 2022,0.0,laporhendi menginfokan duduk brt arah ungaran balkot turun rs kariadi kariadi infokan petugas hamil respon,1.54519948337784e+18,in,Tweets in Bahasa & English â€¢ MeUğŸ’œ Ã— Acloud â˜ï¸ â€¢ Sagittarius who born in 1992 â€¢ Team PineappleğŸâ€¢ tukangngopi â€¢ RIP my babygirl 220922 ,0.0,2.0,0.0,ambreuliu,Transsemarang
445,Fri Jul 08 00:04:31 +0000 2022,0.0,brt koridor knp berhenti halte sih pdhl kosong udh,1.545197101315158e+18,in,Tweets in Bahasa & English â€¢ MeUğŸ’œ Ã— Acloud â˜ï¸ â€¢ Sagittarius who born in 1992 â€¢ Team PineappleğŸâ€¢ tukangngopi â€¢ RIP my babygirl 220922 ,1.0,1.0,0.0,ambreuliu,Transsemarang
446,Thu Jul 07 03:46:59 +0000 2022,0.0,smp n dilewati rute feeder,1.544890696124928e+18,in,all around u,0.0,2.0,0.0,sweetyblurry,Transsemarang
447,Sat Jul 02 10:53:16 +0000 2022,0.0,pagi admin perumahan jatisari mijen unnes transitnya dimana shelter terdekat perumahan jatisari terima kasih,1.5431860361212928e+18,in,-,0.0,1.0,0.0,adusbyarbyur,Transsemarang
448,Sat Jul 02 00:08:25 +0000 2022,0.0,berdasarkan perwali semarang nomor juli tarif layanan tunai khusus nontunai khusus tarif khusus pelajar mahasiswa berlaku minggu libur nasional khusus nontunai,1.5430237528493957e+18,in,she/her 24y.o,0.0,1.0,0.0,etherealxblue,Transsemarang
449,Fri Jul 01 00:03:52 +0000 2022,5.0,hai sobatinformasi juli kenaikan tarif brt khusus kategori metode pembayaran tunai rp rp kenaikan tarif berlaku pembayaran cashless cc semarangpemkot hakandauntuktahu ppidkotasemarang,1.5426602211176284e+18,in,Semarang City - ID,1.0,0.0,1.0,FarhanSyafiqF,Transsemarang
450,Thu Jun 30 02:11:54 +0000 2022,0.0,koridor bis gimana ceritanya aplikasinya tolong diperbaiki nggak akuratnya terusberbenah,1.5423300533628723e+18,in,Jl. Pemuda No.148,0.0,0.0,0.0,ppidkotasmg,Transsemarang
451,Thu Jun 30 01:53:26 +0000 2022,3.0,just in juli tarif tunai perak tarif tunai khusus cashless,1.5423254055707075e+18,in,,0.0,2.0,0.0,Prrannss,Transsemarang
452,Mon Jun 27 04:09:56 +0000 2022,0.0,tau gw brt ngetem perjalanan kayak gini parah sih ngetem udinus gatau buru ngejar magriban perbaiki sistem operasionalnya brt kesel dbuat nunggu,1.5412725957354086e+18,in,Semarang City - ID,0.0,3.0,0.0,FarhanSyafiqF,Transsemarang
453,Sun Jun 26 11:35:20 +0000 2022,0.0,bingung rute feeder brt trans semarang silakan disave akurat juni perhatikan ts update tpb pantau sosial media from cc by,1.5410222964621763e+18,in,+024,0.0,1.0,0.0,alfatihah_df,Transsemarang
454,Sat Jun 25 07:57:37 +0000 2022,40.0,halo brt naiknya java mall simpang jurusan transit dimana,1.5406051179168604e+18,in,Semarang City - ID,4.0,2.0,24.0,FarhanSyafiqF,Transsemarang
455,Tue Jun 21 16:53:53 +0000 2022,0.0,halo gimana st tawang apotek kimia farma ngesrep,1.5392905193310126e+18,in,,0.0,1.0,0.0,xiaokdejun,Transsemarang
456,Mon Jun 13 14:03:00 +0000 2022,0.0,numpak bis ngenggg,1.536348412412457e+18,in,,0.0,1.0,0.0,dzzlcvasn,Transsemarang
457,Sun Apr 17 04:23:36 +0000 2022,1.0,selamat siang javamall terminal cangkiran transit dimana terima kasih,1.5155464961915249e+18,in,Indonesia,0.0,0.0,0.0,alimuhson_am,Transsemarang
458,Sat Apr 16 06:13:05 +0000 2022,0.0,anak smk sehat kuat tega membiarkan tua berdiri hello duduk kursi prioritas hak tua lho,1.515211661069611e+18,in,,0.0,1.0,0.0,zawzse301,Transsemarang
459,Thu Apr 14 05:59:39 +0000 2022,0.0,pagi brt stasiun poncol halte undip alurnya gimana,1.5144835031565312e+18,in,semarang,0.0,1.0,0.0,rasyarini,Transsemarang
460,Fri Apr 08 03:51:18 +0000 2022,0.0,halo stasiun tawang sam poo kong mudah ambil rute halte mohon dibantu,1.5122768736484065e+18,in,21â†‘,0.0,2.0,0.0,hyoideus,Transsemarang
461,Wed Apr 06 05:39:56 +0000 2022,0.0,puasa beroperasi,1.5115794372040663e+18,in,Kyoto City,0.0,1.0,1.0,whnuwww,Transsemarang
462,Sat Apr 02 20:29:20 +0000 2022,1.0,dear mohon diperhatikan kesejahteraan brt kursi reot sampe disambung bgtu ac nya mati bs byangkan sepanas d ventilasi lampu bus d gelap gulita mabroo,1.5103537128371978e+18,in,-,0.0,1.0,0.0,adusbyarbyur,Transsemarang
463,Mon Mar 28 02:00:27 +0000 2022,7.0,hallo halte gerbang utama unnes mangkang transitnya dmna beroperasi jam terima kasih,1.5082627128242053e+18,in,"Semarang, Jawa Tengah",4.0,3.0,7.0,_chesalestyn,Transsemarang
464,Fri Mar 25 11:28:25 +0000 2022,0.0,layanan malam brt berjalan simpang terminal mangkang semoga bermanfaat,1.507318483813806e+18,in,she/her 24y.o,0.0,1.0,0.0,etherealxblue,Transsemarang
465,Wed Mar 23 15:47:26 +0000 2022,53.0,rambu turun brt bundaran ngaliyan feeder kah feeder sub feeder,1.5066588897100513e+18,in,Indonesia,1.0,9.0,12.0,hendrarprihadi,Transsemarang
466,Tue Mar 22 01:55:20 +0000 2022,0.0,terima kasih semoga dlm melayani penumpang,1.5060870993046487e+18,in,Semarang City - ID,0.0,1.0,0.0,FarhanSyafiqF,Transsemarang
467,Mon Mar 21 16:43:11 +0000 2022,0.0,diawali pengen nyobain terminal mangkang mengakomodasi penumpang agen kalibanteng krapyak,1.5059481448272077e+18,in,"Pati, Indonesia",0.0,0.0,0.0,pambudiPati,Transsemarang
468,Sun Mar 20 02:16:43 +0000 2022,17.0,informasi layanan koridor malam m kajiannya nih,1.505367702721876e+18,in,"Tanah Jawa, Indonesia",0.0,1.0,5.0,herristiawan,Transsemarang
469,Fri Mar 18 13:17:06 +0000 2022,9.0,klo feeder trus dilanjut brt trans semarang bayar,1.5048091169459692e+18,in,Semarang City - ID,2.0,1.0,6.0,FarhanSyafiqF,Transsemarang
470,Wed Mar 16 13:45:50 +0000 2022,0.0,klo srondol stasiun poncol brt alurnya gmn,1.5040915748162806e+18,in,,0.0,1.0,0.0,cariakuwae,Transsemarang
471,Wed Mar 16 07:30:50 +0000 2022,0.0,info nich sobat wisata amp olahraga bus menambah operasional dg rute terminal mangkang simpang jumat maret layanan malam beroperasional pd pkl wib tunggu menit semarang jatenggayeng,1.5039972028843663e+18,in,"Semarang, Jawa Tengah",0.0,1.0,0.0,abay130,Transsemarang
472,Wed Mar 16 06:06:19 +0000 2022,5.0,sabtu kemarin mimin jr marchen mencoba trans semarang trans jateng lintas utara selatan perjalanan sepenuhnya bus angkot bupati semarang karoseri laksana wujil,1.503975933761704e+18,in,Jl. Ki Mangunsarkoro No.12 SMG,0.0,0.0,1.0,disporaparjtg,Transsemarang
473,Sun Mar 13 11:14:51 +0000 2022,4.0,pemkot semarang merilis feeder f unnes term gunungpati jatibarang bsb layanan dibagi fb bsb gunungpati fa gunungpati unnes mimin jr marchen,1.5029664138199286e+18,in,"Tambora, Indonesia",0.0,1.0,0.0,jalur5_,Transsemarang
474,Sat Mar 12 05:41:07 +0000 2022,4.0,banyaknya pemberitaan operasional penuh terminal mangkang membuka layanan malam koridor m relasi terminal mangkang simpang dilansir disitu armada medium jalan wib,1.5025200381415588e+18,in,"Tambora, Indonesia",1.0,0.0,0.0,jalur5_,Transsemarang
475,Fri Mar 11 15:45:26 +0000 2022,4.0,brt beroperasional jam terminal mangkang terimakasih positif,1.5023097321112576e+18,in,Semarang City - ID,2.0,1.0,2.0,FarhanSyafiqF,Transsemarang
476,Fri Mar 11 10:35:15 +0000 2022,19.0,rindu ts sekian sambatan semoga kinerja dipagi memuaskan sesuai gaji jobdesc v sambatanhariini,1.5022316724060242e+18,in,Jabodetabek,7.0,2.0,9.0,BisKota_,Transsemarang
477,Wed Mar 09 00:53:45 +0000 2022,0.0,halte bertuliskan shelter segitu gedenya gabisa transit halte kapasitasnya gede kagok halte kagok mencukupi transit pnp sambatanhariini,1.5013605567913738e+18,in,Jakarta Capital Region,0.0,0.0,0.0,nasi_ruwet,Transsemarang
478,Wed Mar 09 00:30:38 +0000 2022,0.0,halte ronggowarsito halte pelindo halte pinggiran terjamah pembenahan tolong direvitalisasi sehari doang penertiban parkir liar vandalisme aset pelayanan dibiarkan,1.5013547406003487e+18,in,Jakarta Capital Region,0.0,1.0,0.0,nasi_ruwet,Transsemarang
479,Wed Mar 09 00:24:36 +0000 2022,0.0,life hack stasiun tawang undip tembalang koridor lin a nomor armadanya iii nomor ganjil bilang kesatrian tembalang sih transit halte kesatrian pindah koridor undip tembalang,1.5013532201232056e+18,in,Jakarta Capital Region,0.0,1.0,0.0,nasi_ruwet,Transsemarang
480,Tue Mar 08 14:06:32 +0000 2022,29.0,halte turun kampung kali arah dokter cipto kartini dst,1.5011976815025848e+18,in,Semarang City - ID,1.0,2.0,14.0,FarhanSyafiqF,Transsemarang
481,Sun Mar 06 14:27:05 +0000 2022,0.0,anaknya nangis nangis pigenik feeder semarangsekarang semarangexplore semaranghits brtsemarang kota semarang,1.5004780748397158e+18,in,Nusantara,0.0,1.0,0.0,aswidhafm,Transsemarang
482,Sun Mar 06 06:32:19 +0000 2022,2.0,jalur banyumanik penggaron menit dilewati feeder semoga bermanfaat bergerakbersama hendrarprihadi,1.5003585952543662e+18,in,,0.0,0.0,0.0,kopihitaamm,Transsemarang
483,Wed Mar 02 01:46:06 +0000 2022,32.0,besok feeder dirilis informasi rute dicek visualisasi aplikasi trans semarang soon,1.4988370149089157e+18,in,Indonesia,2.0,5.0,17.0,hendrarprihadi,Transsemarang
484,Mon Feb 28 01:14:48 +0000 2022,6.0,juma at februari melaksanakan penyemprotan disinfektan shelter shelter brt dulurdishub tetaplah jaga kesehatan taat protokol kesehatan,1.4981043640909373e+18,in,Semarang City - ID,2.0,1.0,3.0,FarhanSyafiqF,Transsemarang
485,Fri Feb 25 04:36:59 +0000 2022,3.0,dear pemeliharaan kendaraannya tolonggg ni motor pagi trans sampe kantor dah cemong belang item btw ketemu trans knalpotnya gini y,1.4970680808616305e+18,in,Semarang,0.0,0.0,2.0,Dishubkotasmg,Transsemarang
486,Mon Feb 21 02:09:01 +0000 2022,1.0,pengemudi nomor lambung i tdk pake masker batuk mohon bantuannya,1.4955812942894326e+18,in,Venus,1.0,3.0,0.0,_snhw,Transsemarang
487,Fri Feb 18 04:45:16 +0000 2022,0.0,udah brt cash,1.4945334525067428e+18,in,indonesia,0.0,1.0,0.0,zuhriutama,Transsemarang
488,Thu Feb 17 04:06:06 +0000 2022,0.0,td ditabrak perempatan batan lampu lalulintas arah thamrin arah kfc arah pertigaan unisbank warna merah arahku kampung kali warna ijo hey napa klean cerita yuuu,1.4941612049351516e+18,in,Masih di dunia.,0.0,2.0,0.0,Aku_unko,Transsemarang
489,Thu Feb 10 11:59:45 +0000 2022,0.0,momong anak mainan sopir,1.491743689861116e+18,in,"Kota Bandung, Jawa Barat",0.0,1.0,0.0,ocakuu_,Transsemarang
490,Thu Feb 10 02:40:46 +0000 2022,4.0,darihaltekehalte,1.49160301773679e+18,in,semarang,0.0,1.0,1.0,DikaPujaKesuma,Transsemarang
491,Mon Feb 07 05:01:45 +0000 2022,42.0,tuk rsup kariadi semarang kulanuwun sugeng enjing nuwun sewu walkot berkunjung kota,1.490551334751277e+18,in,Jakarta Capital Region,5.0,8.0,5.0,drhaltekehalte,Transsemarang
492,Thu Feb 03 01:04:17 +0000 2022,2.0,selesai mengurus surat surat besok dibawa rsup kariadi semarang tinggal nunggu istirahat nunggu,1.489042021918851e+18,in,"Pekalongan, Jawa Tengah",0.0,0.0,0.0,Nasikin_MA,Transsemarang
493,Wed Feb 02 10:30:50 +0000 2022,0.0,kulanuwun selamat siang walkot berkunjung kota semarang menikmati transportasi kebanggaan warga semarang,1.488822208864854e+18,in,"Pekalongan, Jawa Tengah",0.0,0.0,1.0,Nasikin_MA,Transsemarang
494,Wed Feb 02 04:43:03 +0000 2022,1.0,hai koridor arah balaikota banget halte panti wilasa citarum udah menit menunggu,1.4887346854383165e+18,in,"Pekalongan, Jawa Tengah",0.0,0.0,0.0,Nasikin_MA,Transsemarang
495,Sat Jan 29 09:40:19 +0000 2022,0.0,bayar brt pake dana,1.4873599446974177e+18,in,Nusantara,0.0,0.0,0.0,aswidhafm,Transsemarang
496,Fri Jan 28 07:07:02 +0000 2022,0.0,nanya halte balai kota mie gacoan pamularsih rutenya gimana,1.4869589819734426e+18,in,uri destiny,0.0,2.0,0.0,coolyeag,Transsemarang
497,Mon Jan 24 08:39:29 +0000 2022,0.0,stasiun poncol spbu sukun gimana,1.4855326954764534e+18,in,,0.0,1.0,0.0,squidwardbete,Transsemarang
498,Fri Jan 21 17:08:04 +0000 2022,0.0,keliling kota semarang bayar selamat warga semoga senantiasa sehat afiat rizki berlimpah berkah,1.4845735236666778e+18,in,,0.0,1.0,0.0,korengias,Transsemarang
499,Tue Jan 18 23:44:03 +0000 2022,4.0,hidup tenang pelayan masyarakat xixixixi ngopi hendi disambati trans semarang disuruh off road,1.4835860120101192e+18,in,"Pekalongan, Jawa Tengah",0.0,0.0,0.0,Nasikin_MA,Transsemarang
500,Tue Jan 18 12:57:01 +0000 2022,2.0,ayo ganti armada nya,1.483423181839147e+18,in,,0.0,0.0,2.0,hendras79127758,Transsemarang
501,Sat Jan 15 15:24:21 +0000 2022,0.0,dikaji,1.4823730950130893e+18,in,"Pati, Indonesia",0.0,1.0,0.0,pambudiPati,Transsemarang
502,Sat Jan 08 06:29:15 +0000 2022,7.0,layanan bus trans semarang koridor iv terminal cangkiran ngaliyan stasiun semarang tawang melintasi area bundaran kalibanteng bus melayani daerah barat daya semarang perbatasan boja kendal ig,1.47970171563708e+18,in,Indonesia,0.0,1.0,1.0,hendrarprihadi,Transsemarang
503,Sun Jan 02 13:44:25 +0000 2022,5.0,mimin rri terboyo transit dmn ambil penggaron,1.4776369021948477e+18,in,"Tambora, Indonesia",0.0,0.0,0.0,jalur5_,Transsemarang
504,Sun Jan 02 12:23:14 +0000 2022,0.0,liburan numpak feeder brt belom brt,1.477616474281767e+18,in,"jawa, indonesia",0.0,0.0,0.0,dhiyeeeeau,Transsemarang
505,Sun Jan 02 08:57:36 +0000 2022,5.0,Liburan sesekali numpak feeder BRT @Transsemarang Siapa yang belom pernah naik BRT? @hendrarprihadi https://t.co/sLlzroTeZf,1.477564723625218e+18,in,SEMARANG,0.0,3.0,3.0,ForzaPSIS,Transsemarang
403,,,mantap protokol kesehatanya ketat lupa membawa masker diturunkan jalan disuruh ambil masker rumah halte gpp jadikan pelajaran kedepannya,,,,,,,,
